,skills
0,business
1,software
2,project management
3,marketing
4,engineering
5,design
6,testing
7,data analysis
8,material
9,histogram
10,component
11,engineering
12,business
13,query language
14,database
15,machine learning
16,computer science
17,android
18,mobile
19,software
20,javascript
21,design
22,business
23,software
24,deployment
25,system integration
26,project management
27,marketing
28,project management
29,documentation
30,design
31,engineering
32,business
33,software engineering
34,engineering
35,software
36,analytics
37,design
38,business
39,finance
40,engineering
41,computer science
42,python
43,software
44,database
45,java
46,security
47,software engineering
48,marketing
49,javascript
50,engineering
51,tableau
52,computer science
53,scripting language
54,analytics
55,business
56,visualization
57,business intelligence
58,engineering
59,computer science
60,design
61,business
62,software
63,software engineering
64,marketing
65,support
66,tableau
67,analytics
68,design
69,business
70,python
71,data analysis
72,collaboration
73,support
74,ambiguity
75,ruby
76,design
77,python
78,java
79,security
80,google
81,engineering
82,None
83,machine learning
84,computer science
85,algorithm
86,big data
87,software engineering
88,computer science
89,algorithm
90,data structure
91,design
92,perl
93,python
94,linux
95,software
96,google
97,operating system
98,cloud storage
99,shell
100,collaboration
101,mechanical engineering
102,electrical engineering
103,engineering
104,computer science
105,computer engineering
106,design
107,schedule
108,software
109,collaboration
110,project management
111,electrical engineering
112,engineering
113,python
114,bayesian inference
115,design
116,machine learning
117,computer science
118,artificial intelligence
119,python
120,programming language
121,testing
122,framework
123,java
124,front end
125,component
126,engineering
127,azure
128,google
129,workload
130,material
131,tableau
132,analytics
133,design
134,business
135,python
136,data analysis
137,collaboration
138,support
139,ambiguity
140,machine learning
141,computer science
142,big data
143,information management
144,business
145,linux
146,software
147,database
148,engineering
149,javascript
150,computer science
151,web server
152,perl
153,python
154,data mining
155,linux
156,java
157,support
158,server
159,operating system
160,shell
161,engineering
162,project management
163,data management
164,machine learning
165,computer science
166,algorithm
167,big data
168,software engineering
169,computer science
170,python
171,mobile
172,java
173,software engineering
174,javascript
175,security
176,business
177,computer science
178,mysql
179,python
180,programming language
181,material
182,linux
183,project management
184,operating system
185,google
186,computer science
187,linux
188,project management
189,marketing
190,finance
191,engineering
192,analytics
193,big data
194,mobile
195,relational database
196,database
197,email marketing
198,project management
199,medium
200,data warehouse
201,computer science
202,android
203,big data
204,design
205,python
206,mobile
207,hadoop
208,workflow
209,query optimization
210,linux
211,database
212,impala
213,software engineering
214,server
215,engineering
216,collaboration
217,mechanical engineering
218,electrical engineering
219,engineering
220,business
221,project management
222,computer science
223,collaboration
224,computer science
225,file system
226,workload
227,message passing
228,docker
229,software
230,kubernetes
231,engineering
232,project management
233,computer science
234,electrical engineering
235,software
236,machine learning
237,computer science
238,natural language processing
239,python
240,programming language
241,mobile
242,engineering
243,objective c
244,linux
245,software
246,java
247,javascript
248,information retrieval
249,security
250,computer science
251,python
252,software
253,database
254,java
255,security
256,software engineering
257,marketing
258,javascript
259,engineering
260,project management
261,design
262,ambiguity
263,computer science
264,file system
265,workload
266,message passing
267,docker
268,software
269,kubernetes
270,engineering
271,project management
272,collaboration
273,business
274,ruby
275,design
276,python
277,java
278,security
279,google
280,engineering
281,computer science
282,library
283,unity
284,opengl
285,linux
286,python
287,publishing
288,documentation
289,source code
290,computer science
291,python
292,software
293,database
294,java
295,security
296,software engineering
297,marketing
298,javascript
299,engineering
300,business
301,computer science
302,software engineering
303,engineering
304,analytics
305,marketing
306,google analytics
307,advertising
308,piwik
309,computer science
310,business
311,software
312,software engineering
313,marketing
314,computer science
315,python
316,engineering
317,software
318,computer science
319,analytics
320,big data
321,information management
322,python
323,mobile
324,content delivery network
325,software
326,java
327,software engineering
328,biomedical engineering
329,javascript
330,computer science
331,scripting language
332,python
333,relational database
334,support
335,chrome
336,project management
337,mysql
338,business
339,python
340,java
341,tensorflow
342,analytics
343,ruby
344,database design
345,hadoop
346,software
347,rabbitmq
348,big data
349,mobile
350,mongodb
351,content management
352,google
353,cassandra
354,engineering
355,machine learning
356,computer science
357,design
358,business
359,software
360,software engineering
361,computer science
362,android
363,python
364,mobile
365,engineering
366,framework
367,authentication
368,software engineering
369,encryption
370,security
371,computer science
372,ajax
373,content delivery network
374,software
375,dash
376,engineering
377,documentation
378,industrial engineering
379,engineering
380,computer science
381,ajax
382,content delivery network
383,software
384,dash
385,engineering
386,computer science
387,software engineering
388,software
389,google
390,python
391,software
392,python
393,java
394,knowledge management
395,component
396,tensorflow
397,information retrieval
398,data warehouse
399,data structure
400,high availability
401,hadoop
402,software
403,computer science
404,big data
405,data mining
406,mongodb
407,nosql
408,google
409,data processing
410,machine learning
411,algorithm
412,javascript
413,mechanical engineering
414,electrical engineering
415,engineering
416,computer science
417,algorithm
418,data structure
419,design
420,software
421,computer architecture
422,electrical engineering
423,marketing
424,computer science
425,big data
426,information management
427,business
428,linux
429,software
430,database
431,engineering
432,computer science
433,javascript
434,advertising
435,computer science
436,business
437,python
438,collaboration
439,project management
440,javascript
441,project management
442,analytics
443,advertising
444,google
445,computer science
446,linux
447,None
448,computer science
449,business
450,software
451,software engineering
452,marketing
453,computer science
454,software engineering
455,software
456,machine learning
457,computer science
458,analytics
459,python
460,objective c
461,software
462,software engineering
463,computer science
464,mysql
465,python
466,programming language
467,material
468,linux
469,project management
470,operating system
471,design
472,user interface
473,software
474,framework
475,server
476,javascript
477,asp net
478,computer science
479,python
480,security
481,computer science
482,python
483,mobile
484,material
485,deployment
486,java
487,chrome
488,javascript
489,computer vision
490,computer science
491,computer engineering
492,image processing
493,design
494,python
495,bash
496,electrical engineering
497,computer science
498,computer engineering
499,scripting language
500,monitoring
501,software
502,deployment
503,medium
504,engineering
505,computer science
506,big data
507,information management
508,business
509,software
510,linux
511,database
512,support
513,engineering
514,azure
515,computer science
516,java
517,python
518,design
519,bayesian inference
520,engineering
521,security
522,computer science
523,big data
524,information management
525,business
526,linux
527,software
528,database
529,engineering
530,computer science
531,software engineering
532,software
533,python
534,publishing
535,documentation
536,source code
537,computer engineering
538,debugging
539,compiler
540,design
541,perl
542,python
543,software
544,operating system
545,electrical engineering
546,engineering
547,business
548,None
549,computer science
550,big data
551,business
552,software engineering
553,engineering
554,compiler
555,formal verification
556,design
557,computer science
558,big data
559,information management
560,business
561,linux
562,software
563,database
564,engineering
565,computer science
566,business
567,software
568,software engineering
569,marketing
570,computer science
571,android
572,data modeling
573,software
574,telephony
575,project management
576,engineering
577,None
578,None
579,business
580,finance
581,engineering
582,linux
583,schedule
584,google
585,business
586,project management
587,design
588,testing
589,specification
590,material
591,polymer
592,component
593,chemical engineering
594,engineering
595,computer science
596,mysql
597,python
598,programming language
599,material
600,linux
601,project management
602,operating system
603,google
604,python
605,software
606,collaboration
607,mechanical engineering
608,electrical engineering
609,engineering
610,project management
611,process engineering
612,analytics
613,computer science
614,algorithm
615,data structure
616,software
617,electrical engineering
618,data acquisition
619,computer engineering
620,debugging
621,design
622,mobile
623,system integration
624,support
625,embedded system
626,electrical engineering
627,electronic engineering
628,engineering
629,scripting language
630,python
631,linux
632,deployment
633,operating system
634,security
635,javascript
636,computer science
637,web server
638,perl
639,python
640,data mining
641,linux
642,java
643,support
644,server
645,operating system
646,shell
647,engineering
648,project management
649,collaboration
650,mechanical engineering
651,electrical engineering
652,engineering
653,ruby
654,design
655,python
656,java
657,security
658,google
659,engineering
660,machine learning
661,mobile
662,commerce
663,computer science
664,android
665,python
666,mobile
667,engineering
668,framework
669,authentication
670,software engineering
671,encryption
672,security
673,computer science
674,design
675,ajax
676,collaboration
677,project management
678,engineering
679,computer science
680,big data
681,information management
682,business
683,linux
684,software
685,database
686,engineering
687,None
688,computer science
689,mysql
690,python
691,programming language
692,material
693,linux
694,project management
695,operating system
696,None
697,computer science
698,android
699,big data
700,design
701,python
702,mobile
703,hadoop
704,workflow
705,query optimization
706,linux
707,database
708,impala
709,software engineering
710,server
711,engineering
712,project management
713,data analysis
714,engineering
715,collaboration
716,python
717,publishing
718,documentation
719,source code
720,tableau
721,computer science
722,design
723,perl
724,python
725,linux
726,shell
727,support
728,computer science
729,web server
730,ajax
731,objective c
732,mobile
733,database
734,support
735,cloud storage
736,javascript
737,engineering
738,computer science
739,android
740,web server
741,business
742,mobile
743,objective c
744,commerce
745,linux
746,google
747,operating system
748,javascript
749,computer science
750,algorithm
751,ruby
752,design
753,data structure
754,perl
755,python
756,software
757,java
758,computer science
759,computer engineering
760,business
761,business process
762,software
763,framework
764,analytics
765,workload
766,business
767,project management
768,marketing
769,engineering
770,syntax
771,scripting language
772,design
773,python
774,programming language
775,semantics
776,linux
777,nlp
778,analytics
779,business
780,documentation
781,content management
782,project management
783,business
784,project management
785,process management
786,finance
787,design
788,business
789,python
790,programming language
791,flask
792,java
793,kubernetes
794,ruby
795,web service
796,hadoop
797,computer science
798,big data
799,information management
800,docker
801,mobile
802,linux
803,framework
804,nosql
805,shell
806,django
807,database
808,collaboration
809,javascript
810,collaboration
811,mechanical engineering
812,electrical engineering
813,engineering
814,python
815,programming language
816,mobile
817,software
818,java
819,embedded system
820,box
821,project management
822,medium
823,data modeling
824,software
825,publishing
826,project management
827,data management
828,computer science
829,android
830,mobile
831,software
832,javascript
833,shared memory
834,electrical engineering
835,fabric
836,business
837,database
838,domain knowledge
839,engineering
840,computer science
841,ruby
842,python
843,mobile
844,linux
845,software
846,server
847,javascript
848,business
849,collaboration
850,finance
851,engineering
852,embedded system
853,linux
854,software
855,electronic engineering
856,engineering
857,computer science
858,design
859,business
860,web service
861,support
862,hibernate
863,marketing
864,javascript
865,finance
866,None
867,analytics
868,business process
869,perl
870,python
871,linux
872,software
873,oracle
874,support
875,ambiguity
876,shell
877,finance
878,security
879,accounting
880,computer science
881,python
882,security
883,None
884,android
885,scripting language
886,business
887,mobile
888,software
889,linux
890,java
891,project management
892,business
893,analytics
894,engineering
895,computer science
896,python
897,design
898,computer science
899,software engineering
900,software
901,query language
902,computer science
903,data analysis
904,database
905,support
906,project management
907,machine learning
908,computer science
909,python
910,data analysis
911,data mining
912,workflow
913,data science
914,software
915,business intelligence
916,None
917,industrial engineering
918,data center
919,design
920,schedule
921,monitoring
922,tower
923,mechanical engineering
924,electrical engineering
925,security
926,computer science
927,design
928,wireless
929,router
930,local area network
931,computer science
932,business
933,testing
934,software
935,deployment
936,engineering
937,analytics
938,business process
939,perl
940,python
941,linux
942,software
943,oracle
944,support
945,ambiguity
946,shell
947,finance
948,security
949,accounting
950,computer science
951,business
952,python
953,collaboration
954,project management
955,javascript
956,computer science
957,debugging
958,algorithm
959,data structure
960,python
961,testing
962,scalability
963,computer science
964,big data
965,information management
966,business
967,linux
968,software
969,database
970,engineering
971,project management
972,marketing
973,java
974,project management
975,python
976,programming language
977,project management
978,analytics
979,advertising
980,machine learning
981,computer science
982,natural language processing
983,python
984,programming language
985,mobile
986,engineering
987,objective c
988,linux
989,software
990,java
991,javascript
992,information retrieval
993,security
994,project management
995,computer science
996,analytics
997,big data
998,business
999,high availability
1000,python
1001,continuous integration
1002,software
1003,database
1004,java
1005,nosql
1006,python
1007,publishing
1008,documentation
1009,source code
1010,business
1011,finance
1012,engineering
1013,computer science
1014,big data
1015,information management
1016,business
1017,software
1018,engineering
1019,computer science
1020,android
1021,web server
1022,mobile
1023,objective c
1024,commerce
1025,linux
1026,operating system
1027,javascript
1028,computer science
1029,software engineering
1030,software
1031,computer science
1032,big data
1033,ajax
1034,information management
1035,business
1036,hadoop
1037,software
1038,linux
1039,database
1040,impala
1041,server
1042,engineering
1043,compiler
1044,design
1045,perl
1046,python
1047,electrical engineering
1048,formal verification
1049,support
1050,engineering
1051,machine learning
1052,mysql
1053,business
1054,training set
1055,python
1056,data analysis
1057,inference
1058,hadoop
1059,database
1060,security
1061,business
1062,material
1063,software
1064,deployment
1065,project management
1066,data management
1067,engineering
1068,computer science
1069,python
1070,programming language
1071,engineering
1072,material
1073,database
1074,project management
1075,advertising
1076,project management
1077,box
1078,data center
1079,engineering
1080,computer science
1081,mysql
1082,python
1083,programming language
1084,material
1085,linux
1086,project management
1087,operating system
1088,shell
1089,swift
1090,computer science
1091,perl
1092,python
1093,programming language
1094,objective c
1095,linux
1096,javascript
1097,collaboration
1098,material
1099,mechanical engineering
1100,engineering
1101,business
1102,g suite
1103,computer science
1104,business
1105,mobile
1106,project management
1107,google
1108,engineering
1109,project management
1110,data center
1111,engineering
1112,software
1113,support
1114,business
1115,software
1116,database
1117,project management
1118,medium
1119,python
1120,programming language
1121,material
1122,java
1123,javascript
1124,computer science
1125,terraform
1126,docker
1127,ansible
1128,linux
1129,deployment
1130,kubernetes
1131,jenkins
1132,certificate
1133,encryption
1134,chef
1135,security
1136,g suite
1137,design
1138,business
1139,project management
1140,google
1141,computer science
1142,python
1143,security
1144,computer science
1145,network topology
1146,ruby
1147,perl
1148,python
1149,linux
1150,java
1151,operating system
1152,shell
1153,engineering
1154,computer science
1155,mobile
1156,framework
1157,angular
1158,project management
1159,engineering
1160,engineering
1161,design
1162,business
1163,support
1164,None
1165,computer science
1166,big data
1167,information management
1168,business
1169,linux
1170,software
1171,database
1172,engineering
1173,None
1174,ruby
1175,business
1176,python
1177,devops
1178,java
1179,google
1180,engineering
1181,None
1182,None
1183,embedded system
1184,engineering
1185,software
1186,data analysis
1187,None
1188,business
1189,marketing
1190,design
1191,machine learning
1192,computer science
1193,natural language processing
1194,ruby
1195,python
1196,objective c
1197,mobile
1198,engineering
1199,linux
1200,software
1201,java
1202,software engineering
1203,information retrieval
1204,security
1205,mysql
1206,business
1207,python
1208,java
1209,tensorflow
1210,analytics
1211,ruby
1212,database design
1213,hadoop
1214,software
1215,rabbitmq
1216,big data
1217,mobile
1218,mongodb
1219,content management
1220,google
1221,cassandra
1222,engineering
1223,machine learning
1224,python
1225,publishing
1226,documentation
1227,source code
1228,project management
1229,collaboration
1230,mechanical engineering
1231,electrical engineering
1232,engineering
1233,computer science
1234,design
1235,business
1236,software
1237,software engineering
1238,None
1239,business
1240,collaboration
1241,finance
1242,engineering
1243,computer science
1244,python
1245,mobile
1246,software
1247,framework
1248,routing protocol
1249,software engineering
1250,encryption
1251,network security
1252,engineering
1253,business
1254,mobile
1255,commerce
1256,medium
1257,advertising
1258,business
1259,ambiguity
1260,software
1261,computer science
1262,interaction
1263,design
1264,business
1265,python
1266,programming language
1267,wireless
1268,router
1269,linux
1270,local area network
1271,business
1272,google
1273,marketing
1274,data management
1275,computer science
1276,big data
1277,wireless
1278,software engineering
1279,operating system
1280,engineering
1281,computer science
1282,big data
1283,wireless
1284,software engineering
1285,operating system
1286,engineering
1287,business
1288,finance
1289,engineering
1290,machine learning
1291,computer science
1292,algorithm
1293,big data
1294,software engineering
1295,None
1296,computer science
1297,android
1298,python
1299,mobile
1300,engineering
1301,framework
1302,authentication
1303,software engineering
1304,encryption
1305,security
1306,business process
1307,business
1308,collaboration
1309,support
1310,project management
1311,computer science
1312,mysql
1313,python
1314,programming language
1315,material
1316,linux
1317,project management
1318,operating system
1319,business
1320,marketing
1321,machine learning
1322,computer science
1323,natural language processing
1324,design
1325,python
1326,programming language
1327,engineering
1328,software
1329,linux
1330,front end
1331,java
1332,server
1333,javascript
1334,information retrieval
1335,security
1336,computer science
1337,python
1338,programming language
1339,engineering
1340,material
1341,database
1342,project management
1343,advertising
1344,computer science
1345,design
1346,business
1347,support
1348,ambiguity
1349,mysql
1350,business
1351,python
1352,java
1353,tensorflow
1354,analytics
1355,ruby
1356,database design
1357,hadoop
1358,software
1359,rabbitmq
1360,big data
1361,mobile
1362,mongodb
1363,content management
1364,google
1365,cassandra
1366,engineering
1367,machine learning
1368,business
1369,software
1370,chrome
1371,computer science
1372,android
1373,mobile
1374,software
1375,javascript
1376,None
1377,g suite
1378,computer science
1379,mobile
1380,google
1381,engineering
1382,python
1383,software
1384,routing protocol
1385,network security
1386,wide area network
1387,server
1388,data center
1389,linux
1390,computer science
1391,python
1392,mobile
1393,software
1394,framework
1395,routing protocol
1396,software engineering
1397,encryption
1398,network security
1399,engineering
1400,computer science
1401,python
1402,security
1403,computer science
1404,business
1405,python
1406,testing
1407,software
1408,front end
1409,code review
1410,industrial engineering
1411,mechanical engineering
1412,design
1413,javascript
1414,computer science
1415,web server
1416,perl
1417,python
1418,data mining
1419,linux
1420,java
1421,support
1422,server
1423,shell
1424,engineering
1425,computer science
1426,software engineering
1427,software
1428,design
1429,material
1430,documentation
1431,project management
1432,engineering
1433,business
1434,computer science
1435,software engineering
1436,software
1437,web app
1438,computer science
1439,design
1440,information management
1441,testing
1442,data modeling
1443,software
1444,system integration
1445,support
1446,computer science
1447,analytics
1448,data analysis
1449,ambiguity
1450,project management
1451,advertising
1452,computer science
1453,business
1454,marketing
1455,medium
1456,security
1457,computer science
1458,web server
1459,ajax
1460,objective c
1461,mobile
1462,database
1463,support
1464,cloud storage
1465,javascript
1466,engineering
1467,machine learning
1468,computer science
1469,algorithm
1470,big data
1471,software engineering
1472,computer science
1473,python
1474,programming language
1475,engineering
1476,material
1477,database
1478,project management
1479,advertising
1480,business
1481,project management
1482,analytics
1483,big data
1484,mobile
1485,relational database
1486,database
1487,marketing
1488,email marketing
1489,project management
1490,medium
1491,data warehouse
1492,python
1493,software
1494,routing protocol
1495,network security
1496,wide area network
1497,computer science
1498,agile project management
1499,business intelligence
1500,project management
1501,medium
1502,finance
1503,accounting
1504,azure
1505,google
1506,workload
1507,material
1508,debugging
1509,algorithm
1510,design
1511,python
1512,software
1513,codec
1514,shell
1515,project management
1516,medium
1517,marketing
1518,advertising
1519,computer science
1520,android
1521,python
1522,mobile
1523,engineering
1524,framework
1525,authentication
1526,software engineering
1527,encryption
1528,security
1529,computer science
1530,business
1531,python
1532,testing
1533,software
1534,front end
1535,code review
1536,computer science
1537,computer engineering
1538,algorithm
1539,design
1540,python
1541,software
1542,bash
1543,signal processing
1544,electrical engineering
1545,computer science
1546,analytics
1547,design
1548,mysql
1549,python
1550,software
1551,project management
1552,google
1553,google analytics
1554,javascript
1555,security
1556,computer engineering
1557,simulation
1558,design
1559,perl
1560,python
1561,software
1562,linux
1563,frequency domain
1564,mode
1565,input device
1566,time domain
1567,electrical engineering
1568,None
1569,analytics
1570,design
1571,business
1572,finance
1573,engineering
1574,computer science
1575,software engineering
1576,software
1577,business
1578,finance
1579,engineering
1580,component
1581,computer science
1582,python
1583,security
1584,machine learning
1585,computer science
1586,scripting language
1587,analytics
1588,python
1589,data analysis
1590,software
1591,database
1592,support
1593,ambiguity
1594,engineering
1595,accounting
1596,python
1597,java
1598,knowledge management
1599,component
1600,tensorflow
1601,information retrieval
1602,data warehouse
1603,data structure
1604,high availability
1605,hadoop
1606,software
1607,computer science
1608,big data
1609,data mining
1610,mongodb
1611,nosql
1612,google
1613,data processing
1614,machine learning
1615,algorithm
1616,javascript
1617,computer science
1618,python
1619,software
1620,database
1621,java
1622,security
1623,software engineering
1624,marketing
1625,javascript
1626,engineering
1627,design
1628,python
1629,testing
1630,software
1631,support
1632,electrical engineering
1633,machine learning
1634,computer science
1635,design
1636,user interface
1637,python
1638,linux
1639,java
1640,information retrieval
1641,colorimetry
1642,electrical engineering
1643,algorithm
1644,debugging
1645,design
1646,software
1647,marketing
1648,android
1649,python
1650,programming language
1651,linux
1652,java
1653,embedded system
1654,project management
1655,None
1656,ruby
1657,design
1658,python
1659,java
1660,security
1661,google
1662,engineering
1663,design
1664,mechanical engineering
1665,engineering
1666,material
1667,business
1668,mobile
1669,commerce
1670,medium
1671,advertising
1672,computer science
1673,business
1674,python
1675,data analysis
1676,collaboration
1677,project management
1678,javascript
1679,ruby
1680,design
1681,python
1682,java
1683,security
1684,google
1685,engineering
1686,simulation
1687,scripting language
1688,microprocessor
1689,design
1690,algorithm
1691,specification
1692,component
1693,electrical engineering
1694,formal verification
1695,computer science
1696,software engineering
1697,software
1698,project management
1699,collaboration
1700,computer science
1701,software engineering
1702,software
1703,manufacturing engineering
1704,mode
1705,design
1706,computer science
1707,design
1708,business
1709,software
1710,software engineering
1711,computer science
1712,analytics
1713,mobile
1714,medium
1715,google
1716,marketing
1717,advertising
1718,machine learning
1719,computer science
1720,algorithm
1721,big data
1722,software engineering
1723,business
1724,ambiguity
1725,mobile
1726,None
1727,mobile
1728,advertising
1729,tableau
1730,computer science
1731,scripting language
1732,analytics
1733,business
1734,visualization
1735,business intelligence
1736,engineering
1737,computer science
1738,design
1739,business
1740,software
1741,software engineering
1742,business
1743,marketing
1744,project management
1745,medium
1746,advertising
1747,business
1748,project management
1749,software
1750,tableau
1751,analytics
1752,design
1753,business
1754,python
1755,data analysis
1756,collaboration
1757,support
1758,ambiguity
1759,business
1760,medium
1761,business
1762,software
1763,medium
1764,project management
1765,marketing
1766,advertising
1767,project management
1768,marketing
1769,mobile
1770,business
1771,marketing
1772,medium
1773,business
1774,big data
1775,engineering
1776,business intelligence
1777,business
1778,marketing
1779,medium
1780,advertising
1781,computer science
1782,engineering
1783,software
1784,python
1785,bayesian inference
1786,design
1787,None
1788,azure
1789,google
1790,workload
1791,material
1792,computer science
1793,big data
1794,ajax
1795,business
1796,python
1797,linux
1798,software
1799,server
1800,engineering
1801,software
1802,business
1803,g suite
1804,business
1805,support
1806,project management
1807,google
1808,marketing
1809,tableau
1810,analytics
1811,design
1812,business
1813,python
1814,data analysis
1815,collaboration
1816,support
1817,ambiguity
1818,marketing
1819,support
1820,business
1821,project management
1822,ambiguity
1823,project management
1824,collaboration
1825,business
1826,marketing
1827,medium
1828,advertising
1829,advertising
1830,computer science
1831,python
1832,data analysis
1833,engineering
1834,g suite
1835,computer science
1836,project management
1837,google
1838,engineering
1839,computer science
1840,analytics
1841,business
1842,database
1843,project management
1844,marketing
1845,accounting
1846,android
1847,mobile
1848,advertising
1849,support
1850,google
1851,computer science
1852,linux
1853,business
1854,computer science
1855,engineering
1856,software
1857,software
1858,machine learning
1859,analytics
1860,business
1861,python
1862,programming language
1863,commerce
1864,database
1865,numpy
1866,project management
1867,advertising
1868,engineering
1869,business
1870,engineering
1871,business
1872,google
1873,medium
1874,advertising
1875,project management
1876,software
1877,business
1878,computer science
1879,engineering
1880,software
1881,marketing
1882,software
1883,business
1884,marketing
1885,advertising
1886,broadcasting
1887,business
1888,mobile
1889,computer science
1890,big data
1891,business
1892,software engineering
1893,engineering
1894,business
1895,marketing
1896,medium
1897,advertising
1898,marketing
1899,support
1900,mobile
1901,advertising
1902,business
1903,visualization
1904,software
1905,database
1906,middleware
1907,business
1908,medium
1909,marketing
1910,advertising
1911,scripting language
1912,analytics
1913,python
1914,software
1915,google analytics
1916,marketing
1917,search engine
1918,google
1919,medium
1920,advertising
1921,business
1922,marketing
1923,advertising
1924,advertising
1925,business
1926,marketing
1927,medium
1928,business
1929,medium
1930,support
1931,marketing
1932,advertising
1933,computer science
1934,design
1935,business
1936,software
1937,software engineering
1938,business
1939,project management
1940,google
1941,software
1942,marketing
1943,segment
1944,mobile
1945,project management
1946,business
1947,engineering
1948,software
1949,business
1950,google
1951,database
1952,middleware
1953,visualization
1954,software
1955,marketing
1956,software
1957,mobile
1958,workflow
1959,project management
1960,javascript
1961,advertising
1962,business
1963,computer science
1964,engineering
1965,software
1966,testing
1967,mobile
1968,google
1969,marketing
1970,amp
1971,javascript
1972,business
1973,None
1974,google
1975,computer science
1976,linux
1977,business
1978,big data
1979,engineering
1980,business intelligence
1981,marketing
1982,collaboration
1983,commerce
1984,support
1985,marketing
1986,collaboration
1987,support
1988,marketing
1989,advertising
1990,computer science
1991,python
1992,software
1993,database
1994,medium
1995,project management
1996,marketing
1997,advertising
1998,engineering
1999,computer science
2000,big data
2001,information management
2002,business
2003,software
2004,linux
2005,database
2006,support
2007,engineering
2008,analytics
2009,medium
2010,google
2011,marketing
2012,advertising
2013,computer science
2014,python
2015,software
2016,database
2017,medium
2018,project management
2019,marketing
2020,advertising
2021,engineering
2022,project management
2023,business
2024,engineering
2025,software
2026,database
2027,middleware
2028,visualization
2029,software
2030,design
2031,bayesian inference
2032,engineering
2033,security
2034,mobile
2035,workflow
2036,project management
2037,javascript
2038,advertising
2039,google
2040,google analytics
2041,business
2042,google
2043,business
2044,medium
2045,support
2046,marketing
2047,advertising
2048,None
2049,business
2050,medium
2051,marketing
2052,finance
2053,advertising
2054,database
2055,middleware
2056,visualization
2057,software
2058,big data
2059,business intelligence
2060,commerce
2061,support
2062,marketing
2063,medium
2064,advertising
2065,business
2066,medium
2067,marketing
2068,advertising
2069,g suite
2070,google
2071,computer science
2072,marketing
2073,project management
2074,marketing
2075,mobile
2076,project management
2077,marketing
2078,collaboration
2079,support
2080,business
2081,google
2082,mobile
2083,project management
2084,server
2085,advertising
2086,business
2087,software
2088,computer science
2089,civil engineering
2090,mobile
2091,mobile computing
2092,support
2093,project management
2094,electrical engineering
2095,mobile
2096,advertising
2097,computer science
2098,big data
2099,business
2100,software engineering
2101,engineering
2102,project management
2103,big data
2104,business intelligence
2105,business
2106,computer science
2107,engineering
2108,software
2109,business
2110,software
2111,search engine
2112,project management
2113,google
2114,marketing
2115,advertising
2116,business
2117,google
2118,project management
2119,computer science
2120,big data
2121,business
2122,software engineering
2123,engineering
2124,support
2125,material
2126,design
2127,broadcasting
2128,marketing
2129,medium
2130,business
2131,project management
2132,business
2133,engineering
2134,software
2135,business
2136,project management
2137,advertising
2138,software
2139,database
2140,middleware
2141,visualization
2142,software
2143,business
2144,big data
2145,engineering
2146,business intelligence
2147,business
2148,python
2149,data visualization
2150,project management
2151,google analytics
2152,javascript
2153,google
2154,python
2155,software
2156,g suite
2157,business
2158,support
2159,project management
2160,google
2161,marketing
2162,business
2163,advertising
2164,business
2165,publishing
2166,mobile
2167,scripting language
2168,analytics
2169,python
2170,google analytics
2171,marketing
2172,search engine
2173,google
2174,medium
2175,advertising
2176,project management
2177,process engineering
2178,analytics
2179,business
2180,engineering
2181,project management
2182,marketing
2183,mobile
2184,marketing
2185,medium
2186,interaction
2187,support
2188,python
2189,software
2190,project management
2191,marketing
2192,javascript
2193,business
2194,medium
2195,business
2196,project management
2197,marketing
2198,ambiguity
2199,business
2200,big data
2201,engineering
2202,business intelligence
2203,collaboration
2204,support
2205,documentation
2206,project management
2207,google
2208,project management
2209,google
2210,marketing
2211,business
2212,medium
2213,marketing
2214,advertising
2215,business
2216,big data
2217,engineering
2218,business intelligence
2219,business
2220,google
2221,g suite
2222,business
2223,support
2224,project management
2225,google
2226,marketing
2227,business
2228,marketing
2229,medium
2230,advertising
2231,business
2232,google
2233,finance
2234,computer science
2235,big data
2236,ajax
2237,business
2238,python
2239,linux
2240,software
2241,server
2242,engineering
2243,database
2244,middleware
2245,visualization
2246,software
2247,g suite
2248,business
2249,support
2250,project management
2251,google
2252,marketing
2253,business
2254,marketing
2255,medium
2256,advertising
2257,machine learning
2258,computer science
2259,python
2260,data mining
2261,security
2262,business
2263,big data
2264,engineering
2265,business intelligence
2266,documentation
2267,marketing
2268,advertising
2269,software
2270,g suite
2271,business
2272,support
2273,project management
2274,google
2275,marketing
2276,syntax
2277,scripting language
2278,design
2279,python
2280,programming language
2281,semantics
2282,linux
2283,nlp
2284,analytics
2285,business
2286,mobile
2287,marketing
2288,medium
2289,project management
2290,marketing
2291,mobile
2292,computer science
2293,segment
2294,data center
2295,database
2296,engineering
2297,testing
2298,amp
2299,mobile
2300,business
2301,business
2302,medium
2303,support
2304,marketing
2305,advertising
2306,mobile
2307,software
2308,project management
2309,google
2310,marketing
2311,advertising
2312,None
2313,marketing
2314,support
2315,medium
2316,advertising
2317,project management
2318,marketing
2319,analytics
2320,business
2321,None
2322,database
2323,middleware
2324,visualization
2325,software
2326,analytics
2327,business
2328,software
2329,google analytics
2330,marketing
2331,search engine
2332,google
2333,medium
2334,advertising
2335,tableau
2336,computer science
2337,analytics
2338,business
2339,testing
2340,software
2341,data visualization
2342,medium
2343,project management
2344,google analytics
2345,data quality
2346,finance
2347,engineering
2348,business
2349,system integration
2350,computer science
2351,marketing
2352,computer science
2353,business
2354,mobile
2355,software
2356,project management
2357,engineering
2358,business
2359,analytics
2360,engineering
2361,advertising
2362,business
2363,testing
2364,mobile
2365,google
2366,google analytics
2367,amp
2368,advertising
2369,business
2370,ecommerce
2371,medium
2372,advertising
2373,query language
2374,computer science
2375,data analysis
2376,database
2377,support
2378,project management
2379,machine learning
2380,computer science
2381,python
2382,data analysis
2383,data mining
2384,workflow
2385,data science
2386,software
2387,business intelligence
2388,marketing
2389,support
2390,business
2391,engineering
2392,advertising
2393,business
2394,medium
2395,advertising
2396,business
2397,google
2398,business
2399,medium
2400,mobile
2401,advertising
2402,analytics
2403,business
2404,mobile
2405,marketing
2406,medium
2407,business
2408,computer science
2409,engineering
2410,analytics
2411,business
2412,software
2413,google analytics
2414,marketing
2415,search engine
2416,google
2417,medium
2418,advertising
2419,testing
2420,mobile
2421,google
2422,marketing
2423,amp
2424,javascript
2425,business
2426,google
2427,medium
2428,g suite
2429,google
2430,customer relationship management
2431,software
2432,computer science
2433,engineering
2434,software
2435,data analysis
2436,business intelligence
2437,medium
2438,ambiguity
2439,marketing
2440,advertising
2441,project management
2442,business
2443,engineering
2444,software
2445,computer science
2446,ruby
2447,business
2448,python
2449,software engineering
2450,project management
2451,business
2452,medium
2453,finance
2454,advertising
2455,ajax
2456,mysql
2457,business
2458,visualization
2459,data visualization
2460,tableau
2461,optimizely
2462,analytics
2463,library
2464,google tag manager
2465,computer science
2466,mobile
2467,business intelligence
2468,bootstrap
2469,google
2470,google analytics
2471,advertising
2472,database
2473,medium
2474,javascript
2475,analytics
2476,mobile
2477,medium
2478,google
2479,marketing
2480,advertising
2481,project management
2482,business
2483,engineering
2484,software
2485,computer science
2486,analytics
2487,big data
2488,business
2489,high availability
2490,python
2491,continuous integration
2492,software
2493,database
2494,java
2495,nosql
2496,business
2497,google
2498,medium
2499,advertising
2500,machine learning
2501,mysql
2502,business
2503,training set
2504,python
2505,data analysis
2506,inference
2507,hadoop
2508,database
2509,security
2510,g suite
2511,computer science
2512,business
2513,mobile
2514,project management
2515,google
2516,engineering
2517,business
2518,computer science
2519,engineering
2520,software
2521,mobile
2522,project management
2523,google
2524,marketing
2525,advertising
2526,computer science
2527,big data
2528,business
2529,software engineering
2530,engineering
2531,project management
2532,software
2533,computer science
2534,big data
2535,business
2536,software engineering
2537,engineering
2538,workflow
2539,content delivery network
2540,software
2541,system integration
2542,server
2543,computer science
2544,engineering
2545,software
2546,database
2547,middleware
2548,visualization
2549,software
2550,g suite
2551,google
2552,computer science
2553,marketing
2554,database
2555,middleware
2556,visualization
2557,software
2558,business
2559,medium
2560,advertising
2561,business
2562,google
2563,marketing
2564,medium
2565,advertising
2566,software
2567,business
2568,computer science
2569,engineering
2570,software
2571,big data
2572,information management
2573,business intelligence
2574,medium
2575,advertising
2576,None
2577,ruby
2578,business
2579,python
2580,devops
2581,java
2582,google
2583,engineering
2584,g suite
2585,business
2586,support
2587,project management
2588,google
2589,marketing
2590,business
2591,marketing
2592,design
2593,google
2594,medium
2595,mobile
2596,advertising
2597,marketing
2598,machine learning
2599,testing
2600,programming language
2601,data analysis
2602,python
2603,business
2604,marketing
2605,medium
2606,business
2607,big data
2608,engineering
2609,business intelligence
2610,project management
2611,commerce
2612,business
2613,computer science
2614,design
2615,business
2616,software
2617,software engineering
2618,advertising
2619,g suite
2620,computer science
2621,business
2622,project management
2623,google
2624,business
2625,data analysis
2626,marketing
2627,medium
2628,advertising
2629,business
2630,marketing
2631,medium
2632,computer science
2633,big data
2634,business
2635,software engineering
2636,engineering
2637,business
2638,advertising
2639,google
2640,business
2641,google
2642,software
2643,computer science
2644,engineering
2645,software
2646,analytics
2647,business
2648,mobile
2649,marketing
2650,medium
2651,computer science
2652,big data
2653,ajax
2654,business
2655,python
2656,linux
2657,software
2658,server
2659,engineering
2660,g suite
2661,google
2662,computer science
2663,marketing
2664,business
2665,visualization
2666,software
2667,database
2668,middleware
2669,business
2670,software
2671,medium
2672,project management
2673,marketing
2674,advertising
2675,business
2676,marketing
2677,database
2678,middleware
2679,visualization
2680,software
2681,business
2682,google
2683,finance
2684,g suite
2685,business
2686,support
2687,project management
2688,google
2689,marketing
2690,business
2691,data visualization
2692,advertising
2693,business
2694,big data
2695,engineering
2696,business intelligence
2697,project management
2698,business
2699,engineering
2700,software
2701,g suite
2702,google
2703,computer science
2704,marketing
2705,business
2706,big data
2707,engineering
2708,business intelligence
2709,business
2710,project management
2711,collaboration
2712,wireless network
2713,project management
2714,support
2715,google
2716,medium
2717,advertising
2718,software
2719,business
2720,computer science
2721,engineering
2722,software
2723,google
2724,medium
2725,marketing
2726,support
2727,business
2728,mobile
2729,advertising
2730,project management
2731,big data
2732,business intelligence
2733,business
2734,medium
2735,advertising
2736,business
2737,publishing
2738,mobile
2739,marketing
2740,medium
2741,advertising
2742,project management
2743,android
2744,objective c
2745,finance
2746,google
2747,framework
2748,big data
2749,business intelligence
2750,g suite
2751,google
2752,computer science
2753,marketing
2754,g suite
2755,computer science
2756,software
2757,google
2758,marketing
2759,computer science
2760,big data
2761,information management
2762,software
2763,engineering
2764,software
2765,mobile
2766,workflow
2767,project management
2768,javascript
2769,advertising
2770,business
2771,software
2772,medium
2773,project management
2774,marketing
2775,advertising
2776,business
2777,engineering
2778,analytics
2779,knowledge base
2780,marketing
2781,support
2782,ambiguity
2783,medium
2784,advertising
2785,marketing
2786,support
2787,computer science
2788,business
2789,mobile
2790,software
2791,project management
2792,engineering
2793,azure
2794,google
2795,workload
2796,material
2797,business
2798,computer science
2799,engineering
2800,software
2801,business
2802,support
2803,business
2804,project management
2805,advertising
2806,testing
2807,mobile
2808,google
2809,marketing
2810,amp
2811,javascript
2812,business
2813,computer science
2814,engineering
2815,g suite
2816,business
2817,support
2818,project management
2819,google
2820,marketing
2821,business
2822,software
2823,marketing
2824,medium
2825,advertising
2826,business
2827,project management
2828,google
2829,g suite
2830,business
2831,marketing
2832,g suite
2833,business
2834,support
2835,project management
2836,google
2837,marketing
2838,machine learning
2839,computer science
2840,business
2841,python
2842,data mining
2843,data analysis
2844,scikit learn
2845,framework
2846,tensorflow
2847,marketing
2848,business
2849,project management
2850,google
2851,software
2852,business
2853,mobile
2854,ambiguity
2855,project management
2856,marketing
2857,medium
2858,data analysis
2859,advertising
2860,database
2861,middleware
2862,visualization
2863,software
2864,marketing
2865,advertising
2866,business
2867,engineering
2868,mobile
2869,marketing
2870,software
2871,business
2872,medium
2873,mobile
2874,advertising
2875,g suite
2876,google
2877,marketing
2878,support
2879,marketing
2880,support
2881,android
2882,python
2883,programming language
2884,linux
2885,java
2886,embedded system
2887,project management
2888,computer science
2889,engineering
2890,software
2891,computer science
2892,data center
2893,software
2894,database
2895,engineering
2896,marketing
2897,support
2898,project management
2899,google
2900,marketing
2901,google analytics
2902,business
2903,database
2904,middleware
2905,visualization
2906,software
2907,g suite
2908,business
2909,support
2910,project management
2911,google
2912,marketing
2913,mobile
2914,advertising
2915,business
2916,google
2917,marketing
2918,android
2919,schedule
2920,task management
2921,content management
2922,angular
2923,project management
2924,marketing
2925,business
2926,marketing
2927,medium
2928,business
2929,ecommerce
2930,commerce
2931,engineering
2932,computer science
2933,business
2934,software
2935,project management
2936,marketing
2937,medium
2938,google
2939,marketing
2940,advertising
2941,design
2942,google
2943,marketing
2944,advertising
2945,business
2946,google
2947,project management
2948,computer science
2949,analytics
2950,python
2951,software
2952,project management
2953,marketing
2954,google
2955,marketing
2956,advertising
2957,medium
2958,marketing
2959,advertising
2960,marketing
2961,analytics
2962,engineering
2963,software
2964,google
2965,marketing
2966,advertising
2967,business
2968,mobile
2969,commerce
2970,data analysis
2971,marketing
2972,google
2973,marketing
2974,advertising
2975,business
2976,business administration
2977,project management
2978,marketing
2979,finance
2980,advertising
2981,google
2982,mobile
2983,publishing
2984,advertising
2985,business
2986,google
2987,medium
2988,medium
2989,medium
2990,marketing
2991,advertising
2992,marketing
2993,analytics
2994,engineering
2995,software
2996,project management
2997,google
2998,analytics
2999,advertising
3000,business
3001,marketing
3002,medium
3003,graphic design
3004,design
3005,software
3006,analytics
3007,software
3008,medium
3009,project management
3010,marketing
3011,business
3012,marketing
3013,medium
3014,business
3015,marketing
3016,analytics
3017,software
3018,business
3019,mobile
3020,business
3021,marketing
3022,engineering
3023,database
3024,business
3025,medium
3026,business
3027,business administration
3028,project management
3029,marketing
3030,finance
3031,advertising
3032,project management
3033,collaboration
3034,business
3035,google
3036,project management
3037,google
3038,marketing
3039,advertising
3040,data analysis
3041,medium
3042,project management
3043,marketing
3044,advertising
3045,google app engine
3046,scripting language
3047,analytics
3048,software
3049,angularjs
3050,google analytics
3051,google
3052,marketing
3053,advertising
3054,business
3055,marketing
3056,commerce
3057,software
3058,marketing
3059,business
3060,google
3061,project management
3062,business
3063,google
3064,project management
3065,framer
3066,design
3067,adobe photoshop
3068,visualization
3069,graphic design
3070,marketing
3071,adobe illustrator
3072,google
3073,sketch
3074,data analysis
3075,business
3076,software
3077,marketing automation
3078,project management
3079,marketing
3080,project management
3081,design
3082,software
3083,computer science
3084,python
3085,software
3086,database
3087,medium
3088,project management
3089,marketing
3090,advertising
3091,engineering
3092,medium
3093,marketing
3094,engineering
3095,software
3096,business
3097,google
3098,marketing
3099,advertising
3100,medium
3101,marketing
3102,mode
3103,marketing
3104,medium
3105,marketing
3106,engineering
3107,software
3108,google
3109,marketing
3110,advertising
3111,google
3112,marketing
3113,advertising
3114,google
3115,marketing
3116,advertising
3117,business
3118,google
3119,segment
3120,ranking
3121,business
3122,medium
3123,marketing
3124,advertising
3125,business
3126,google
3127,marketing
3128,advertising
3129,marketing
3130,ambiguity
3131,google
3132,marketing
3133,advertising
3134,google
3135,marketing
3136,advertising
3137,business
3138,google
3139,business
3140,google
3141,marketing
3142,project management
3143,business
3144,framework
3145,marketing
3146,marketing
3147,medium
3148,medium
3149,medium
3150,android
3151,business
3152,google
3153,marketing
3154,play
3155,business
3156,business administration
3157,project management
3158,marketing
3159,finance
3160,advertising
3161,project management
3162,marketing
3163,collaboration
3164,software
3165,medium
3166,marketing
3167,google
3168,marketing
3169,advertising
3170,medium
3171,analytics
3172,business
3173,python
3174,web service
3175,software
3176,azure
3177,project management
3178,marketing
3179,analytics
3180,design
3181,business
3182,python
3183,inference
3184,marketing
3185,finance
3186,business
3187,google
3188,project management
3189,marketing
3190,mobile
3191,medium
3192,business
3193,business administration
3194,project management
3195,marketing
3196,finance
3197,advertising
3198,business
3199,marketing
3200,data analysis
3201,analytics
3202,business
3203,publishing
3204,marketing
3205,advertising
3206,google
3207,marketing
3208,advertising
3209,google
3210,marketing
3211,advertising
3212,marketing
3213,medium
3214,advertising
3215,tableau
3216,optimizely
3217,analytics
3218,business
3219,testing
3220,mobile
3221,business intelligence
3222,data visualization
3223,database
3224,medium
3225,google
3226,google analytics
3227,advertising
3228,medium
3229,marketing
3230,advertising
3231,business
3232,google
3233,business
3234,business administration
3235,project management
3236,marketing
3237,finance
3238,advertising
3239,medium
3240,marketing
3241,advertising
3242,medium
3243,business
3244,medium
3245,None
3246,marketing
3247,commerce
3248,design
3249,business
3250,marketing
3251,engineering
3252,library
3253,design
3254,software
3255,google
3256,marketing
3257,advertising
3258,business
3259,marketing
3260,segmentation
3261,google
3262,marketing
3263,advertising
3264,business
3265,google
3266,business
3267,project management
3268,design
3269,business
3270,marketing
3271,medium
3272,project management
3273,marketing
3274,google
3275,marketing
3276,advertising
3277,marketing
3278,support
3279,ajax
3280,mysql
3281,business
3282,visualization
3283,data visualization
3284,tableau
3285,optimizely
3286,analytics
3287,library
3288,google tag manager
3289,computer science
3290,mobile
3291,business intelligence
3292,bootstrap
3293,google
3294,google analytics
3295,advertising
3296,database
3297,medium
3298,javascript
3299,design
3300,business
3301,ecommerce
3302,mobile
3303,commerce
3304,marketing
3305,play
3306,google
3307,marketing
3308,advertising
3309,google
3310,marketing
3311,advertising
3312,google
3313,computer science
3314,business
3315,software
3316,software engineering
3317,marketing
3318,business
3319,marketing
3320,collaboration
3321,advertising
3322,marketing
3323,segment
3324,business
3325,google
3326,medium
3327,mobile
3328,security
3329,medium
3330,marketing
3331,advertising
3332,google
3333,marketing
3334,advertising
3335,software
3336,ambiguity
3337,support
3338,project management
3339,google
3340,google
3341,marketing
3342,advertising
3343,business
3344,google
3345,medium
3346,marketing
3347,advertising
3348,data analysis
3349,medium
3350,project management
3351,marketing
3352,advertising
3353,medium
3354,None
3355,google
3356,marketing
3357,advertising
3358,business
3359,google
3360,project management
3361,medium
3362,google
3363,marketing
3364,advertising
3365,business
3366,project management
3367,marketing
3368,analytics
3369,design
3370,business
3371,python
3372,data analysis
3373,hadoop
3374,software
3375,database
3376,sketch
3377,design
3378,graphic design
3379,design
3380,medium
3381,design
3382,software
3383,analytics
3384,design
3385,business
3386,python
3387,data science
3388,software
3389,project management
3390,finance
3391,engineering
3392,business
3393,google
3394,marketing
3395,data management
3396,game engine
3397,computer science
3398,design
3399,unity
3400,medium
3401,graphic design
3402,design
3403,software
3404,google
3405,marketing
3406,advertising
3407,computer science
3408,python
3409,programming language
3410,front end
3411,angularjs
3412,javascript
3413,marketing
3414,google
3415,marketing
3416,advertising
3417,google
3418,None
3419,marketing
3420,engineering
3421,security
3422,software
3423,schedule
3424,business
3425,project management
3426,google
3427,marketing
3428,business
3429,marketing
3430,engineering
3431,business
3432,google
3433,project management
3434,google analytics
3435,marketing
3436,google
3437,marketing
3438,advertising
3439,business
3440,data analysis
3441,collaboration
3442,google
3443,marketing
3444,advertising
3445,medium
3446,segment
3447,ranking
3448,business
3449,medium
3450,marketing
3451,advertising
3452,analytics
3453,software
3454,marketing automation
3455,medium
3456,project management
3457,marketing
3458,business
3459,business administration
3460,project management
3461,marketing
3462,finance
3463,advertising
3464,business
3465,marketing
3466,medium
3467,google
3468,marketing
3469,software
3470,business
3471,marketing
3472,data analysis
3473,design
3474,computer science
3475,python
3476,software
3477,version control system
3478,javascript
3479,data warehouse
3480,engineering
3481,git
3482,google
3483,marketing
3484,advertising
3485,business
3486,marketing
3487,engineering
3488,marketing
3489,design
3490,business
3491,medium
3492,data analysis
3493,None
3494,business
3495,google
3496,google
3497,marketing
3498,advertising
3499,business
3500,marketing
3501,marketing
3502,analytics
3503,engineering
3504,software
3505,medium
3506,marketing
3507,design
3508,google
3509,marketing
3510,advertising
3511,google
3512,marketing
3513,advertising
3514,business
3515,google
3516,project management
3517,marketing
3518,software
3519,project management
3520,marketing
3521,support
3522,software
3523,business
3524,business administration
3525,project management
3526,marketing
3527,finance
3528,advertising
3529,project management
3530,design
3531,framer
3532,computer science
3533,interaction
3534,design
3535,adobe photoshop
3536,user interface
3537,mobile
3538,graphic design
3539,front end
3540,composer
3541,sketch
3542,engineering
3543,computer science
3544,interaction
3545,javascript
3546,design
3547,computer science
3548,design
3549,mobile
3550,collaboration
3551,advertising
3552,interaction
3553,collaboration
3554,design
3555,data science
3556,framer
3557,computer science
3558,interaction
3559,design
3560,adobe photoshop
3561,user interface
3562,mobile
3563,graphic design
3564,front end
3565,composer
3566,sketch
3567,engineering
3568,computer science
3569,design
3570,perl
3571,material design
3572,augmented reality
3573,mobile
3574,python
3575,artificial intelligence
3576,virtual reality
3577,javascript
3578,interaction
3579,collaboration
3580,design
3581,data science
3582,interaction
3583,collaboration
3584,user profile
3585,design
3586,computer science
3587,design
3588,mobile
3589,collaboration
3590,advertising
3591,computer science
3592,android
3593,ruby
3594,python
3595,mobile
3596,objective c
3597,project management
3598,computer science
3599,interaction
3600,algorithm
3601,design
3602,python
3603,programming language
3604,computer science
3605,design
3606,mobile
3607,collaboration
3608,advertising
3609,project management
3610,computer science
3611,interaction
3612,design
3613,mobile
3614,collaboration
3615,advertising
3616,framer
3617,computer science
3618,interaction
3619,design
3620,adobe photoshop
3621,user interface
3622,mobile
3623,graphic design
3624,front end
3625,composer
3626,sketch
3627,engineering
3628,manufacturing engineering
3629,mobile
3630,design
3631,software
3632,computer science
3633,interaction
3634,design
3635,mobile
3636,collaboration
3637,engineering
3638,computer science
3639,interaction
3640,javascript
3641,design
3642,computer science
3643,design
3644,mobile
3645,collaboration
3646,advertising
3647,computer science
3648,scripting language
3649,ruby
3650,design
3651,user interface
3652,python
3653,ember
3654,software
3655,framework
3656,angular
3657,javascript
3658,computer science
3659,scripting language
3660,ruby
3661,design
3662,user interface
3663,python
3664,ember
3665,software
3666,framework
3667,angular
3668,javascript
3669,computer science
3670,interaction
3671,workload
3672,design
3673,mobile
3674,software
3675,sketch
3676,engineering
3677,computer science
3678,interaction
3679,design
3680,testing
3681,python
3682,collaboration
3683,advertising
3684,android sdk
3685,computer science
3686,android
3687,design
3688,material design
3689,mobile
3690,opengl
3691,framework
3692,project management
3693,computer science
3694,interaction
3695,graphic design
3696,design
3697,support
3698,visualization
3699,design
3700,computer science
3701,interaction
3702,workload
3703,design
3704,adobe photoshop
3705,computer science
3706,interaction
3707,design
3708,mobile
3709,collaboration
3710,advertising
3711,specification
3712,mobile
3713,framer
3714,computer science
3715,interaction
3716,design
3717,adobe photoshop
3718,user interface
3719,mobile
3720,graphic design
3721,front end
3722,composer
3723,sketch
3724,engineering
3725,computer science
3726,interaction
3727,workload
3728,design
3729,adobe photoshop
3730,computer science
3731,scripting language
3732,ruby
3733,design
3734,python
3735,visualization
3736,data analysis
3737,ember
3738,software
3739,framework
3740,angular
3741,javascript
3742,framer
3743,computer science
3744,interaction
3745,design
3746,adobe photoshop
3747,user interface
3748,mobile
3749,graphic design
3750,front end
3751,composer
3752,sketch
3753,engineering
3754,framer
3755,computer science
3756,interaction
3757,design
3758,adobe photoshop
3759,user interface
3760,mobile
3761,graphic design
3762,front end
3763,composer
3764,sketch
3765,engineering
3766,interaction
3767,natural language
3768,testing
3769,design
3770,project management
3771,computer science
3772,design
3773,mobile
3774,collaboration
3775,advertising
3776,computer science
3777,interaction
3778,workload
3779,design
3780,collaboration
3781,computer science
3782,interaction
3783,xcode
3784,design
3785,mobile
3786,collaboration
3787,computer science
3788,design
3789,perl
3790,material design
3791,augmented reality
3792,mobile
3793,python
3794,artificial intelligence
3795,virtual reality
3796,javascript
3797,interaction
3798,collaboration
3799,design
3800,data science
3801,interaction
3802,mobile
3803,design
3804,software
3805,publishing
3806,documentation
3807,project management
3808,marketing
3809,engineering
3810,interaction
3811,collaboration
3812,design
3813,data science
3814,computer science
3815,design
3816,perl
3817,material design
3818,augmented reality
3819,mobile
3820,python
3821,artificial intelligence
3822,virtual reality
3823,javascript
3824,interaction
3825,collaboration
3826,design
3827,data science
3828,syntax
3829,scripting language
3830,design
3831,python
3832,programming language
3833,semantics
3834,linux
3835,nlp
3836,computer science
3837,interaction
3838,analytics
3839,design
3840,business
3841,software
3842,collaboration
3843,software
3844,publishing
3845,documentation
3846,project management
3847,marketing
3848,engineering
3849,computer science
3850,interaction
3851,design
3852,testing
3853,python
3854,collaboration
3855,advertising
3856,project management
3857,artificial intelligence
3858,design
3859,specification
3860,mobile
3861,engineering
3862,localization
3863,interaction
3864,mobile
3865,design
3866,interaction
3867,natural language
3868,testing
3869,design
3870,interaction
3871,mobile
3872,engineering
3873,design
3874,computer science
3875,interaction
3876,xcode
3877,design
3878,mobile
3879,collaboration
3880,computer science
3881,interaction
3882,design
3883,user interface
3884,mobile
3885,engineering
3886,computer science
3887,interaction
3888,algorithm
3889,design
3890,python
3891,programming language
3892,computer science
3893,interaction
3894,xcode
3895,design
3896,mobile
3897,collaboration
3898,interaction
3899,workload
3900,design
3901,mobile
3902,software
3903,sketch
3904,engineering
3905,computer science
3906,interaction
3907,design
3908,mobile
3909,software
3910,javascript
3911,mobile
3912,design
3913,computer science
3914,scripting language
3915,analytics
3916,python
3917,data science
3918,collaboration
3919,data extraction
3920,computer science
3921,design
3922,perl
3923,material design
3924,augmented reality
3925,mobile
3926,python
3927,artificial intelligence
3928,virtual reality
3929,javascript
3930,computer science
3931,interaction
3932,design
3933,testing
3934,python
3935,collaboration
3936,advertising
3937,interaction
3938,workload
3939,design
3940,mobile
3941,software
3942,sketch
3943,engineering
3944,computer science
3945,design
3946,mobile
3947,collaboration
3948,advertising
3949,mobile
3950,design
3951,framer
3952,computer science
3953,interaction
3954,design
3955,adobe photoshop
3956,user interface
3957,mobile
3958,graphic design
3959,front end
3960,composer
3961,sketch
3962,engineering
3963,swift
3964,computer science
3965,android
3966,xcode
3967,design
3968,mobile
3969,objective c
3970,framework
3971,front end
3972,project management
3973,javascript
3974,computer science
3975,interaction
3976,xcode
3977,design
3978,mobile
3979,collaboration
3980,interaction
3981,xcode
3982,design
3983,mobile
3984,collaboration
3985,computer science
3986,interaction
3987,javascript
3988,design
3989,mobile
3990,design
3991,computer science
3992,design
3993,mobile
3994,collaboration
3995,advertising
3996,computer science
3997,interaction
3998,algorithm
3999,design
4000,python
4001,programming language
4002,java
4003,project management
4004,engineering
4005,design
4006,computer science
4007,interaction
4008,xcode
4009,design
4010,mobile
4011,collaboration
4012,computer science
4013,interaction
4014,design
4015,component
4016,computer science
4017,interaction
4018,design
4019,user interface
4020,mobile
4021,interaction
4022,software engineering
4023,design
4024,software
4025,interaction
4026,collaboration
4027,design
4028,data science
4029,interaction
4030,workload
4031,design
4032,mobile
4033,software
4034,sketch
4035,engineering
4036,interaction
4037,mobile
4038,design
4039,business
4040,project management
4041,ambiguity
4042,business
4043,google
4044,project management
4045,design
4046,business
4047,business administration
4048,project management
4049,marketing
4050,finance
4051,advertising
4052,design
4053,business
4054,data science
4055,project management
4056,medium
4057,engineering
4058,project management
4059,marketing
4060,finance
4061,engineering
4062,bayesian inference
4063,design
4064,business
4065,mobile
4066,computer science
4067,design
4068,business
4069,data science
4070,engineering
4071,business
4072,business administration
4073,project management
4074,marketing
4075,finance
4076,advertising
4077,business
4078,google
4079,project management
4080,business
4081,google
4082,project management
4083,business
4084,google
4085,project management
4086,business
4087,tableau
4088,medium
4089,project management
4090,project management
4091,business
4092,project management
4093,support
4094,certificate
4095,computer science
4096,design
4097,business
4098,data science
4099,engineering
4100,computer science
4101,design
4102,business
4103,data science
4104,engineering
4105,business
4106,mobile
4107,business
4108,marketing
4109,finance
4110,project management
4111,marketing
4112,ambiguity
4113,business
4114,project management
4115,marketing
4116,business
4117,software
4118,project management
4119,medium
4120,engineering
4121,computer science
4122,design
4123,business
4124,data science
4125,engineering
4126,project management
4127,business
4128,business
4129,business administration
4130,project management
4131,marketing
4132,finance
4133,advertising
4134,business
4135,medium
4136,engineering
4137,software
4138,ranking
4139,design
4140,mysql
4141,business
4142,data mining
4143,data analysis
4144,project management
4145,data management
4146,business
4147,analytics
4148,engineering
4149,design
4150,business
4151,relational database
4152,mechanical engineering
4153,support
4154,ambiguity
4155,computer science
4156,business
4157,python
4158,data modeling
4159,framework
4160,engineering
4161,business
4162,google
4163,project management
4164,business
4165,business administration
4166,project management
4167,marketing
4168,finance
4169,advertising
4170,business
4171,medium
4172,engineering
4173,software
4174,analytics
4175,business
4176,database
4177,project management
4178,engineering
4179,project management
4180,medium
4181,business
4182,data analysis
4183,database
4184,medium
4185,engineering
4186,business
4187,business
4188,business administration
4189,project management
4190,marketing
4191,finance
4192,advertising
4193,machine learning
4194,computer science
4195,industrial engineering
4196,business
4197,python
4198,data analysis
4199,software
4200,database
4201,multivariate analysis
4202,electrical engineering
4203,business
4204,engineering
4205,project management
4206,medium
4207,advertising
4208,business
4209,mobile
4210,machine learning
4211,computer science
4212,python
4213,data analysis
4214,data mining
4215,workflow
4216,data science
4217,software
4218,business intelligence
4219,business
4220,google
4221,ambiguity
4222,big data
4223,business
4224,collaboration
4225,ambiguity
4226,medium
4227,g suite
4228,business
4229,support
4230,project management
4231,google
4232,marketing
4233,medium
4234,commerce
4235,database
4236,project management
4237,business
4238,computer science
4239,design
4240,business
4241,database
4242,marketing
4243,accounting
4244,computer science
4245,business
4246,software
4247,medium
4248,engineering
4249,business
4250,web service
4251,software
4252,azure
4253,marketing
4254,engineering
4255,business
4256,google
4257,project management
4258,business
4259,workflow
4260,accounting
4261,business
4262,computer science
4263,engineering
4264,data science
4265,business
4266,mobile
4267,material
4268,business
4269,business
4270,project management
4271,business
4272,marketing
4273,business
4274,computer science
4275,analytics
4276,business
4277,database
4278,marketing
4279,accounting
4280,business
4281,google
4282,project management
4283,business
4284,google
4285,project management
4286,computer science
4287,design
4288,business
4289,data science
4290,engineering
4291,machine learning
4292,computer science
4293,industrial engineering
4294,business
4295,python
4296,data analysis
4297,software
4298,database
4299,multivariate analysis
4300,electrical engineering
4301,business
4302,business administration
4303,project management
4304,marketing
4305,finance
4306,advertising
4307,design
4308,business
4309,software
4310,support
4311,ambiguity
4312,finance
4313,accounting
4314,marketing
4315,design
4316,business
4317,web service
4318,software
4319,azure
4320,marketing
4321,engineering
4322,business
4323,google
4324,project management
4325,computer science
4326,design
4327,business
4328,data science
4329,engineering
4330,business
4331,business administration
4332,project management
4333,marketing
4334,finance
4335,advertising
4336,business
4337,google
4338,business
4339,software
4340,finance
4341,accounting
4342,analytics
4343,advertising
4344,business
4345,commerce
4346,software
4347,system integration
4348,security
4349,oracle
4350,ambiguity
4351,medium
4352,finance
4353,engineering
4354,accounting
4355,analytics
4356,advertising
4357,business
4358,commerce
4359,software
4360,system integration
4361,database
4362,security
4363,level set
4364,ambiguity
4365,medium
4366,finance
4367,engineering
4368,accounting
4369,finance
4370,accounting
4371,project management
4372,finance
4373,accounting
4374,software
4375,project management
4376,medium
4377,finance
4378,accounting
4379,business
4380,google
4381,project management
4382,business
4383,accounting
4384,business
4385,business administration
4386,project management
4387,marketing
4388,finance
4389,advertising
4390,business
4391,google
4392,business
4393,commerce
4394,accounting
4395,business
4396,mobile
4397,None
4398,business
4399,business administration
4400,project management
4401,marketing
4402,finance
4403,advertising
4404,scripting language
4405,analytics
4406,business
4407,python
4408,programming language
4409,hadoop
4410,business intelligence
4411,ml
4412,accounting
4413,business
4414,google
4415,project management
4416,business
4417,engineering
4418,business
4419,google
4420,project management
4421,business
4422,google
4423,project management
4424,accounting
4425,finance
4426,ambiguity
4427,accounting
4428,business
4429,google
4430,project management
4431,security
4432,accounting
4433,finance
4434,design
4435,accounting
4436,business
4437,accounting
4438,business
4439,google
4440,accounting
4441,oracle
4442,accounting
4443,business
4444,business administration
4445,accounting
4446,business
4447,google
4448,business
4449,accounting
4450,ambiguity
4451,None
4452,software
4453,finance
4454,accounting
4455,business
4456,business administration
4457,project management
4458,marketing
4459,finance
4460,advertising
4461,oracle
4462,accounting
4463,business
4464,medium
4465,finance
4466,advertising
4467,business
4468,finance
4469,ambiguity
4470,accounting
4471,business
4472,financial system
4473,oracle
4474,ambiguity
4475,finance
4476,accounting
4477,business
4478,google
4479,project management
4480,business
4481,business administration
4482,project management
4483,marketing
4484,finance
4485,advertising
4486,business
4487,computer engineering
4488,electrical engineering
4489,software
4490,machine learning
4491,tableau
4492,computer science
4493,analytics
4494,mysql
4495,business
4496,python
4497,database
4498,oracle
4499,javascript
4500,business
4501,engineering
4502,security
4503,None
4504,workload
4505,business
4506,finance
4507,security
4508,accounting
4509,business
4510,finance
4511,ambiguity
4512,accounting
4513,business
4514,google
4515,business
4516,business administration
4517,project management
4518,marketing
4519,finance
4520,advertising
4521,business
4522,python
4523,scripting language
4524,business
4525,software
4526,oracle
4527,project management
4528,accounting
4529,finance
4530,software
4531,business
4532,google
4533,design
4534,monitoring
4535,finance
4536,engineering
4537,business
4538,software
4539,oracle
4540,project management
4541,accounting
4542,medium
4543,support
4544,business administration
4545,accounting
4546,business
4547,python
4548,scripting language
4549,finance
4550,business
4551,g suite
4552,computer science
4553,business
4554,mobile
4555,project management
4556,google
4557,engineering
4558,business
4559,software
4560,accounting
4561,business
4562,software
4563,oracle
4564,project management
4565,accounting
4566,business
4567,financial system
4568,finance
4569,ambiguity
4570,business
4571,google
4572,business
4573,engineering
4574,project management
4575,database
4576,complex system
4577,accounting
4578,business
4579,level set
4580,ambiguity
4581,finance
4582,engineering
4583,accounting
4584,business
4585,design
4586,accounting
4587,residual
4588,project management
4589,database
4590,analytics
4591,business
4592,google
4593,business
4594,project management
4595,support
4596,accounting
4597,business
4598,finance
4599,accounting
4600,business
4601,software
4602,accounting
4603,business
4604,software
4605,oracle
4606,finance
4607,accounting
4608,business
4609,google
4610,project management
4611,business
4612,commerce
4613,software
4614,financial system
4615,level set
4616,security
4617,oracle
4618,ambiguity
4619,engineering
4620,accounting
4621,level set
4622,ambiguity
4623,accounting
4624,oracle
4625,accounting
4626,None
4627,None
4628,schedule
4629,business
4630,project management
4631,google
4632,marketing
4633,data analysis
4634,business
4635,business process
4636,support
4637,documentation
4638,project management
4639,finance
4640,engineering
4641,business
4642,finance
4643,accounting
4644,business
4645,google
4646,project management
4647,business
4648,business administration
4649,project management
4650,marketing
4651,finance
4652,advertising
4653,business
4654,project management
4655,finance
4656,accounting
4657,business
4658,finance
4659,accounting
4660,business
4661,programming language
4662,database
4663,oracle
4664,finance
4665,accounting
4666,business
4667,python
4668,scripting language
4669,residual
4670,project management
4671,database
4672,analytics
4673,software
4674,oracle
4675,finance
4676,accounting
4677,business
4678,google
4679,oracle
4680,accounting
4681,business
4682,mobile
4683,finance
4684,accounting
4685,business
4686,finance
4687,ambiguity
4688,machine learning
4689,design
4690,mysql
4691,python
4692,programming language
4693,data mining
4694,actuarial science
4695,business intelligence
4696,java
4697,finance
4698,engineering
4699,business administration
4700,accounting
4701,business
4702,google
4703,project management
4704,business
4705,business administration
4706,project management
4707,marketing
4708,finance
4709,advertising
4710,None
4711,None
4712,None
4713,None
4714,None
4715,None
4716,software
4717,database
4718,python
4719,data analysis
4720,None
4721,None
4722,project management
4723,process management
4724,business
4725,business
4726,None
4727,g suite
4728,google drive
4729,None
4730,None
4731,business
4732,google
4733,business
4734,business
4735,collaboration
4736,finance
4737,ambiguity
4738,software
4739,None
4740,None
4741,business
4742,None
4743,business
4744,oracle
4745,project management
4746,finance
4747,accounting
4748,medium
4749,business
4750,process management
4751,workflow
4752,None
4753,None
4754,None
4755,medium
4756,google
4757,medium
4758,mobile
4759,engineering
4760,support
4761,google
4762,medium
4763,medium
4764,business
4765,google
4766,support
4767,business
4768,visualization
4769,software
4770,database
4771,middleware
4772,None
4773,None
4774,business
4775,schedule
4776,business
4777,project management
4778,google
4779,marketing
4780,marketing
4781,mobile
4782,software
4783,medium
4784,business
4785,marketing
4786,advertising
4787,google
4788,medium
4789,business
4790,google
4791,None
4792,business
4793,business
4794,business
4795,customer relationship management
4796,None
4797,project management
4798,design
4799,ambiguity
4800,business
4801,google
4802,interaction
4803,play
4804,business
4805,None
4806,None
4807,project management
4808,knowledge management
4809,business
4810,business
4811,project management
4812,collaboration
4813,business
4814,commerce
4815,ambiguity
4816,project management
4817,marketing
4818,business
4819,collaboration
4820,python
4821,javascript
4822,design
4823,business
4824,google
4825,project management
4826,None
4827,None
4828,business
4829,project management
4830,data analysis
4831,design
4832,business
4833,customer relationship management
4834,business
4835,business administration
4836,project management
4837,marketing
4838,finance
4839,advertising
4840,business
4841,google
4842,None
4843,business
4844,business administration
4845,project management
4846,marketing
4847,finance
4848,advertising
4849,google
4850,marketing
4851,support
4852,business
4853,google
4854,project management
4855,business
4856,customer relationship management
4857,business
4858,domain knowledge
4859,design
4860,mysql
4861,user interface
4862,application programming interface
4863,database
4864,project management
4865,collaboration
4866,customer relationship management
4867,industrial engineering
4868,design
4869,documentation
4870,business administration
4871,project management
4872,business
4873,collaboration
4874,business
4875,google
4876,project management
4877,business
4878,google
4879,project management
4880,business
4881,customer relationship management
4882,business
4883,knowledge base
4884,scripting language
4885,python
4886,data visualization
4887,ambiguity
4888,finance
4889,engineering
4890,project management
4891,medium
4892,ambiguity
4893,None
4894,business
4895,google
4896,knowledge base
4897,analytics
4898,business
4899,domain knowledge
4900,None
4901,knowledge base
4902,analytics
4903,business
4904,domain knowledge
4905,business
4906,google
4907,business
4908,project management
4909,tracking system
4910,analytics
4911,business
4912,collaboration
4913,business
4914,domain knowledge
4915,industrial engineering
4916,design
4917,documentation
4918,business administration
4919,project management
4920,business
4921,google
4922,business
4923,google
4924,marketing
4925,project management
4926,tracking system
4927,analytics
4928,knowledge base
4929,domain knowledge
4930,data quality
4931,business
4932,business administration
4933,project management
4934,marketing
4935,finance
4936,advertising
4937,marketing
4938,support
4939,business
4940,data analysis
4941,design
4942,ambiguity
4943,business
4944,customer relationship management
4945,analytics
4946,business
4947,data analysis
4948,software
4949,ambiguity
4950,project management
4951,business
4952,business
4953,google
4954,project management
4955,business
4956,business administration
4957,project management
4958,marketing
4959,finance
4960,advertising
4961,python
4962,javascript
4963,design
4964,business
4965,customer relationship management
4966,customer relationship management
4967,customer relationship management
4968,None
4969,business
4970,business
4971,tracking system
4972,analytics
4973,collaboration
4974,business
4975,business
4976,google
4977,business
4978,business administration
4979,project management
4980,marketing
4981,finance
4982,advertising
4983,business
4984,ambiguity
4985,software
4986,machine learning
4987,computer science
4988,python
4989,data analysis
4990,data mining
4991,workflow
4992,data science
4993,software
4994,business intelligence
4995,business
4996,project management
4997,data analysis
4998,design
4999,business
5000,None
5001,business
5002,support
5003,business
5004,google
5005,tracking system
5006,analytics
5007,project management
5008,business
5009,None
5010,computer science
5011,scripting language
5012,data structure
5013,business
5014,python
5015,business intelligence
5016,engineering
5017,None
5018,project management
5019,database
5020,analytics
5021,business
5022,tracking system
5023,analytics
5024,business
5025,database
5026,business
5027,None
5028,google
5029,business
5030,project management
5031,marketing
5032,finance
5033,advertising
5034,shell
5035,file system
5036,library
5037,ajax
5038,python
5039,programming language
5040,linux
5041,database
5042,java
5043,server
5044,cloud storage
5045,distributed computing
5046,engineering
5047,business
5048,google
5049,customer relationship management
5050,business
5051,domain knowledge
5052,database
5053,business
5054,google
5055,business
5056,business
5057,support
5058,business
5059,google
5060,project management
5061,security
5062,computer science
5063,business
5064,python
5065,software
5066,ambiguity
5067,business administration
5068,finance
5069,knowledge base
5070,business
5071,google
5072,project management
5073,computer science
5074,python
5075,javascript
5076,business
5077,None
5078,business
5079,customer relationship management
5080,project management
5081,computer science
5082,python
5083,javascript
5084,business
5085,google
5086,project management
5087,business
5088,business administration
5089,project management
5090,marketing
5091,finance
5092,advertising
5093,project management
5094,marketing
5095,collaboration
5096,support
5097,None
5098,project management
5099,medium
5100,business
5101,support
5102,project management
5103,business
5104,collaboration
5105,project management
5106,finance
5107,business administration
5108,business
5109,google
5110,support
5111,None
5112,business
5113,project management
5114,marketing
5115,finance
5116,advertising
5117,business
5118,google
5119,project management
5120,software
5121,business administration
5122,business
5123,business administration
5124,project management
5125,marketing
5126,finance
5127,advertising
5128,business
5129,design
5130,security
5131,software
5132,security
5133,software
5134,security
5135,software
5136,project management
5137,finance
5138,business
5139,box
5140,mode
5141,marketing
5142,medium
5143,design
5144,business
5145,material
5146,medium
5147,google
5148,marketing
5149,project management
5150,system integration
5151,design
5152,deployment
5153,project management
5154,security
5155,ambiguity
5156,security
5157,software
5158,None
5159,project management
5160,medium
5161,design
5162,engineering
5163,None
5164,security
5165,collaboration
5166,collaboration
5167,data analysis
5168,business
5169,finance
5170,engineering
5171,graphic design
5172,design
5173,project management
5174,medium
5175,design
5176,engineering
5177,security
5178,security
5179,software
5180,security
5181,None
5182,business
5183,access control
5184,security
5185,software
5186,None
5187,security
5188,security
