,Text,Type
0,weebly,SKILL
1,digitalocean,SKILL
2,software-defined networking,SKILL
3,amazon s3,SKILL
4,package managers,SKILL
5,dynamic programming,SKILL
6,computer network,SKILL
7,redis cloud,SKILL
8,video tracking,SKILL
9,model based reasoning,SKILL
10,gradle,SKILL
11,c++,SKILL
12,time tracking,SKILL
13,webflow,SKILL
14,data quality,SKILL
15,database tools,SKILL
16,hyperspectral imaging,SKILL
17,api,SKILL
18,reachability,SKILL
19,dynamic testing,SKILL
20,web and video conferencing,SKILL
21,smart information retrieval system,SKILL
22,browsersync,SKILL
23,genetic algorithm,SKILL
24,display device,SKILL
25,source code management desktop apps,SKILL
26,hosted blogging platforms,SKILL
27,wide area network,SKILL
28,project management,SKILL
29,wakatime,SKILL
30,portainer,SKILL
31,mobile backend,SKILL
32,spree,SKILL
33,mixed model,SKILL
34,amplitude,SKILL
35,shared memory,SKILL
36,boolean expression,SKILL
37,intellij idea,SKILL
38,web server,SKILL
39,wordnet,SKILL
40,consul,SKILL
41,elm,SKILL
42,control theory,SKILL
43,component,SKILL
44,sonatype nexus,SKILL
45,code climate,SKILL
46,espace,SKILL
47,web document,SKILL
48,business,SKILL
49,liquibase,SKILL
50,stylelint,SKILL
51,perl 6,SKILL
52,sass,SKILL
53,mobile station,SKILL
54,batch processing,SKILL
55,api documentation browser,SKILL
56,object relational mapper orm,SKILL
57,maven,SKILL
58,linear search,SKILL
59,apache flink,SKILL
60,web app builders,SKILL
61,mechanical engineering,SKILL
62,spacevim,SKILL
63,process calculus,SKILL
64,denial of service attack,SKILL
65,folksonomy,SKILL
66,jsdoc,SKILL
67,eslint,SKILL
68,dc os,SKILL
69,next-generation network,SKILL
70,neo4j,SKILL
71,next.js,SKILL
72,open postgresql monitoring,SKILL
73,dynamic loading,SKILL
74,php-mvc,SKILL
75,material,SKILL
76,self hosted blogging / cms,SKILL
77,jquery mobile,SKILL
78,motion planning,SKILL
79,cross platform mobile tools,SKILL
80,skeleton,SKILL
81,scrutinizer,SKILL
82,named entity,SKILL
83,queueing theory,SKILL
84,jupyter,SKILL
85,program transformation,SKILL
86,karhunen–loève theorem,SKILL
87,html5,SKILL
88,static timing analysis,SKILL
89,base station,SKILL
90,robot,SKILL
91,jquery,SKILL
92,cross correlation,SKILL
93,management science,SKILL
94,documentation as a service & tools,SKILL
95,wavelength-division multiplexing,SKILL
96,user interface,SKILL
97,blind signal separation,SKILL
98,mathematical logic,SKILL
99,programmable logic device,SKILL
100,operating systems,SKILL
101,dnsimple,SKILL
102,data classification,SKILL
103,knowledge base,SKILL
104,multiprocessing,SKILL
105,critical section,SKILL
106,buddy,SKILL
107,amazon ec2 container service,SKILL
108,amazon eks,SKILL
109,k nearest neighbors algorithm,SKILL
110,linear regression,SKILL
111,data cube,SKILL
112,aboutness,SKILL
113,analysis of covariance,SKILL
114,typeform,SKILL
115,aws elastic beanstalk,SKILL
116,manufacturing engineering,SKILL
117,software defined networking,SKILL
118,postgis,SKILL
119,cloud access management,SKILL
120,memory management,SKILL
121,expander graph,SKILL
122,adaptive routing,SKILL
123,react navigation,SKILL
124,virtual circuit,SKILL
125,storm,SKILL
126,cakephp,SKILL
127,design,SKILL
128,android sdk,SKILL
129,serverless,SKILL
130,arangodb,SKILL
131,mesh networking,SKILL
132,dyn,SKILL
133,context-free language,SKILL
134,minio,SKILL
135,hexo,SKILL
136,flip-flop,SKILL
137,graphite,SKILL
138,human visual system model,SKILL
139,shrinkage,SKILL
140,time constraint,SKILL
141,facial recognition system,SKILL
142,inter process communication,SKILL
143,arboriculture,SKILL
144,rethinkdb,SKILL
145,parallel computing,SKILL
146,flyway,SKILL
147,visual basic,SKILL
148,mailjet,SKILL
149,zoho crm,SKILL
150,structured document,SKILL
151,computability theory,SKILL
152,cloud storage,SKILL
153,amazon kinesis firehose,SKILL
154,decidability,SKILL
155,spreadsheets online,SKILL
156,data transmission,SKILL
157,firefox,SKILL
158,urban airship,SKILL
159,resource allocation,SKILL
160,cucumber,SKILL
161,supercomputer,SKILL
162,frequency domain,SKILL
163,semantic matching,SKILL
164,protractor,SKILL
165,bitrise,SKILL
166,systems engineering,SKILL
167,exact algorithm,SKILL
168,perl,SKILL
169,machine learning tools,SKILL
170,decision rule,SKILL
171,redux saga,SKILL
172,automatic summarization,SKILL
173,generalization error,SKILL
174,node js,SKILL
175,amazon ses,SKILL
176,preact,SKILL
177,onsen ui,SKILL
178,look ahead,SKILL
179,grails,SKILL
180,filestack,SKILL
181,authentication,SKILL
182,resque,SKILL
183,polymer,SKILL
184,general analytics,SKILL
185,real time data processing,SKILL
186,computer-aided software engineering,SKILL
187,port computer networking,SKILL
188,backbone js,SKILL
189,brute force search,SKILL
190,context free language,SKILL
191,rust,SKILL
192,1password,SKILL
193,shields.io,SKILL
194,crm,SKILL
195,mobile telephony,SKILL
196,framework7,SKILL
197,xcode,SKILL
198,structural engineering,SKILL
199,crystal,SKILL
200,android,SKILL
201,boot2docker,SKILL
202,objective-c,SKILL
203,online algorithm,SKILL
204,statuscake,SKILL
205,diagram,SKILL
206,search engine,SKILL
207,google cloud storage,SKILL
208,homogeneity statistics,SKILL
209,query string,SKILL
210,electrical engineering,SKILL
211,aws codecommit,SKILL
212,semantic data model,SKILL
213,change detection,SKILL
214,kissmetrics,SKILL
215,multi objective optimization,SKILL
216,access control,SKILL
217,iterative reconstruction,SKILL
218,play,SKILL
219,consistency model,SKILL
220,sparkpost,SKILL
221,application programming interface,SKILL
222,3d,SKILL
223,knockoutjs,SKILL
224,knowledge acquisition,SKILL
225,keras,SKILL
226,disqus,SKILL
227,tornado,SKILL
228,expectation–maximization algorithm,SKILL
229,multi agent system,SKILL
230,styled-components,SKILL
231,passenger,SKILL
232,smoothing,SKILL
233,google sheets,SKILL
234,relay,SKILL
235,azure machine learning,SKILL
236,haml,SKILL
237,load management,SKILL
238,finite state machine,SKILL
239,microframeworks backend,SKILL
240,particle swarm optimization,SKILL
241,yii,SKILL
242,breadth first search,SKILL
243,curse of dimensionality,SKILL
244,nosql,SKILL
245,javascript,SKILL
246,dependency monitoring,SKILL
247,time-sharing,SKILL
248,shape analysis digital geometry,SKILL
249,divide and conquer algorithms,SKILL
250,high level programming language,SKILL
251,time domain,SKILL
252,game development,SKILL
253,google,SKILL
254,asp net,SKILL
255,js build tools / js task runners,SKILL
256,arborist,SKILL
257,computer graphics,SKILL
258,multimodal search,SKILL
259,mobile robot,SKILL
260,exception monitoring,SKILL
261,deontic logic,SKILL
262,self-hosted blogging   cms,SKILL
263,motion detection,SKILL
264,scale space,SKILL
265,virtual private cloud,SKILL
266,mariadb,SKILL
267,gatsby,SKILL
268,framer,SKILL
269,analysis of algorithms,SKILL
270,commerce,SKILL
271,architectural engineering,SKILL
272,couchdb,SKILL
273,linked data,SKILL
274,location-based service,SKILL
275,sparse approximation,SKILL
276,self-hosted blogging / cms,SKILL
277,distributed algorithm,SKILL
278,dynamic range,SKILL
279,boolean algebra,SKILL
280,cognitive neuroscience of visual object recognition,SKILL
281,snippet,SKILL
282,clojure,SKILL
283,echo,SKILL
284,numerical stability,SKILL
285,media access control,SKILL
286,sendwithus,SKILL
287,packer,SKILL
288,paypal,SKILL
289,presto,SKILL
290,binary search tree,SKILL
291,cassandra,SKILL
292,central processing unit,SKILL
293,gluon,SKILL
294,convergence routing,SKILL
295,cluster management,SKILL
296,data extraction,SKILL
297,surge,SKILL
298,cross platform desktop development,SKILL
299,frameworks full stack,SKILL
300,github,SKILL
301,similarity measure,SKILL
302,information flow information theory,SKILL
303,industrial engineering,SKILL
304,time sharing,SKILL
305,the julia language,SKILL
306,kanban for github issues,SKILL
307,case-based reasoning,SKILL
308,cloud monitoring,SKILL
309,pico-8,SKILL
310,postmark,SKILL
311,non-volatile memory,SKILL
312,data file,SKILL
313,email marketing,SKILL
314,unreal engine,SKILL
315,algorithms,SKILL
316,aws iam,SKILL
317,dokku,SKILL
318,point-to-point,SKILL
319,bayesian inference,SKILL
320,rule-based system,SKILL
321,gnu bash,SKILL
322,field programmable gate array,SKILL
323,semantic network,SKILL
324,fault tolerance,SKILL
325,random effects model,SKILL
326,version control system,SKILL
327,varnish,SKILL
328,hypercube,SKILL
329,apigee,SKILL
330,ruby,SKILL
331,clever cloud,SKILL
332,electronic engineering,SKILL
333,google cloud container builder,SKILL
334,computer file,SKILL
335,salesforce sales cloud,SKILL
336,amazon rds for aurora,SKILL
337,puppet labs,SKILL
338,fortran,SKILL
339,cocoa touch ios,SKILL
340,algorithm design,SKILL
341,colorimetry,SKILL
342,data access,SKILL
343,iframely,SKILL
344,component analysis,SKILL
345,pico 8,SKILL
346,fusion,SKILL
347,concurrency,SKILL
348,doctrine 2,SKILL
349,ontology information science,SKILL
350,performance metric,SKILL
351,code collaboration & version control,SKILL
352,go cd,SKILL
353,k-nearest neighbors algorithm,SKILL
354,dedicated cloud hosting,SKILL
355,multilevel model,SKILL
356,information overload,SKILL
357,vuex,SKILL
358,contextual query language,SKILL
359,recursion,SKILL
360,beanstalk,SKILL
361,sensor tower,SKILL
362,activemq,SKILL
363,haproxy,SKILL
364,clion,SKILL
365,petroleum engineering,SKILL
366,redis,SKILL
367,continuous deployment,SKILL
368,risk analysis engineering,SKILL
369,data pre processing,SKILL
370,compiler,SKILL
371,geckoboard,SKILL
372,accounting,SKILL
373,transport engineering,SKILL
374,evolutionary algorithm,SKILL
375,kalman filter,SKILL
376,font,SKILL
377,hidden markov model,SKILL
378,unicorn,SKILL
379,cloudflare,SKILL
380,information management,SKILL
381,appium,SKILL
382,critical path method,SKILL
383,curve fitting,SKILL
384,devops,SKILL
385,amazon cloudwatch,SKILL
386,document management system,SKILL
387,speech processing,SKILL
388,kanban tool,SKILL
389,model checking,SKILL
390,vuepress,SKILL
391,petri net,SKILL
392,electroencephalography,SKILL
393,file format,SKILL
394,visual programming language,SKILL
395,flat panel display,SKILL
396,certificate,SKILL
397,zookeeper,SKILL
398,monitoring aggregation,SKILL
399,mapbox,SKILL
400,pattern recognition,SKILL
401,google bigquery,SKILL
402,apiary,SKILL
403,ember,SKILL
404,cloud firestore,SKILL
405,contingency table,SKILL
406,bourbon,SKILL
407,customer analytics,SKILL
408,reliability engineering,SKILL
409,network congestion,SKILL
410,blockchain,SKILL
411,open source service discovery,SKILL
412,cross platform mobile development,SKILL
413,built-in self-test,SKILL
414,reverse engineering,SKILL
415,data science,SKILL
416,sauce labs,SKILL
417,ajax,SKILL
418,redux js,SKILL
419,nim,SKILL
420,streams,SKILL
421,strips,SKILL
422,fullstory,SKILL
423,intercom,SKILL
424,mutual exclusion,SKILL
425,riot,SKILL
426,virtualbox,SKILL
427,domain knowledge,SKILL
428,programming paradigm,SKILL
429,data integration,SKILL
430,github enterprise,SKILL
431,dempster–shafer theory,SKILL
432,sourcetree,SKILL
433,digital radio,SKILL
434,abstract interpretation,SKILL
435,biochemical engineering,SKILL
436,sonar,SKILL
437,international trade,SKILL
438,meteor,SKILL
439,aws elastic load balancing elb,SKILL
440,business intelligence,SKILL
441,twitter,SKILL
442,zepto,SKILL
443,pubnub,SKILL
444,adaptive system,SKILL
445,issue tracking,SKILL
446,koa,SKILL
447,microcomputer,SKILL
448,gradient descent,SKILL
449,distributed file system,SKILL
450,automotive engineering,SKILL
451,stack overflow,SKILL
452,javascript utilities & libraries,SKILL
453,mongodb atlas,SKILL
454,real-time operating system,SKILL
455,agricultural engineering,SKILL
456,browserify,SKILL
457,active appearance model,SKILL
458,multimedia,SKILL
459,patent visualisation,SKILL
460,big data,SKILL
461,yarn,SKILL
462,tree structure,SKILL
463,ai,SKILL
464,table information,SKILL
465,minification,SKILL
466,combinatorial optimization,SKILL
467,load balancer / reverse proxy,SKILL
468,comprehension,SKILL
469,search engines,SKILL
470,enterprise system,SKILL
471,remote procedure call,SKILL
472,transition system,SKILL
473,jquery ui,SKILL
474,knowledge extraction,SKILL
475,rancher,SKILL
476,inspec,SKILL
477,top down and bottom up design,SKILL
478,insomnia rest client,SKILL
479,redash,SKILL
480,nomad,SKILL
481,snowflake,SKILL
482,ml,SKILL
483,rails,SKILL
484,uppy,SKILL
485,nuxt,SKILL
486,workload,SKILL
487,higher order statistics,SKILL
488,paw,SKILL
489,material design,SKILL
490,dart,SKILL
491,livereload,SKILL
492,realtime backend   api,SKILL
493,thread computing,SKILL
494,feature vector,SKILL
495,lambda calculus,SKILL
496,aws codedeploy,SKILL
497,internet of things hardware,SKILL
498,namecheap,SKILL
499,cluster analysis,SKILL
500,kong,SKILL
501,scanner,SKILL
502,openlayers,SKILL
503,deductive database,SKILL
504,web app,SKILL
505,release,SKILL
506,wireless ad hoc network,SKILL
507,gaussian process,SKILL
508,latent dirichlet allocation,SKILL
509,source code,SKILL
510,rest api,SKILL
511,google drive,SKILL
512,generalized linear model,SKILL
513,data processing,SKILL
514,training set,SKILL
515,json,SKILL
516,sql,SKILL
517,client–server model,SKILL
518,brightness,SKILL
519,noisy data,SKILL
520,terminal,SKILL
521,bibliometrics,SKILL
522,first class,SKILL
523,nexmo,SKILL
524,material ui,SKILL
525,civil engineering,SKILL
526,data science tools,SKILL
527,knowledge management,SKILL
528,operational transformation,SKILL
529,control reconfiguration,SKILL
530,encoding memory,SKILL
531,information model,SKILL
532,helm,SKILL
533,computer aided software engineering,SKILL
534,mastodon,SKILL
535,chrome,SKILL
536,infrastructure build tools,SKILL
537,knowledge representation and reasoning,SKILL
538,data reduction,SKILL
539,query languages,SKILL
540,docker compose,SKILL
541,segment,SKILL
542,location based service,SKILL
543,stylus,SKILL
544,godaddy,SKILL
545,f#,SKILL
546,backbone.js,SKILL
547,angular 2,SKILL
548,application hosting,SKILL
549,communication complexity,SKILL
550,core network,SKILL
551,hugo,SKILL
552,analytics,SKILL
553,codacy,SKILL
554,fossa,SKILL
555,natural language processing,SKILL
556,web service,SKILL
557,front end,SKILL
558,cross-validation,SKILL
559,cloud9 ide,SKILL
560,lottie,SKILL
561,windows,SKILL
562,sublime text,SKILL
563,rabbitmq,SKILL
564,ethereum,SKILL
565,airflow,SKILL
566,design for testing,SKILL
567,cloud hosting,SKILL
568,gitbucket,SKILL
569,elixir,SKILL
570,skype,SKILL
571,floating point,SKILL
572,woopra,SKILL
573,activity recognition,SKILL
574,linux,SKILL
575,cloudinary,SKILL
576,ionic,SKILL
577,correlation coefficient,SKILL
578,local search optimization,SKILL
579,low-pass filter,SKILL
580,containers as a service,SKILL
581,aerospace engineering,SKILL
582,data retrieval,SKILL
583,information extraction,SKILL
584,hbase,SKILL
585,karma,SKILL
586,android studio,SKILL
587,erlang,SKILL
588,laravel,SKILL
589,angular,SKILL
590,keyword extraction,SKILL
591,amazon redshift,SKILL
592,search as a service,SKILL
593,appveyor,SKILL
594,reactiveui,SKILL
595,information integration,SKILL
596,azure websites,SKILL
597,intelligent network,SKILL
598,babel,SKILL
599,rule of thumb,SKILL
600,structural equation modeling,SKILL
601,persistence computer science,SKILL
602,react,SKILL
603,findability,SKILL
604,morphology linguistics,SKILL
605,squarespace,SKILL
606,system testing,SKILL
607,discrete event simulation,SKILL
608,mobile continuous integration,SKILL
609,artificial neural network,SKILL
610,data modeling,SKILL
611,parcel,SKILL
612,lua,SKILL
613,liquid crystal display,SKILL
614,data manipulation language,SKILL
615,network topology,SKILL
616,slim,SKILL
617,decision problem,SKILL
618,ecommerce,SKILL
619,heroku ci,SKILL
620,mattermost,SKILL
621,natural deduction,SKILL
622,opensuse,SKILL
623,jasmine,SKILL
624,kendo ui,SKILL
625,cataloging,SKILL
626,caddy,SKILL
627,geospatial analysis,SKILL
628,image segmentation,SKILL
629,logrocket,SKILL
630,fabric,SKILL
631,geotagging,SKILL
632,in memory databases,SKILL
633,communications sdk,SKILL
634,aws codepipeline,SKILL
635,web mining,SKILL
636,formal verification,SKILL
637,google cloud bigtable,SKILL
638,fingerprint,SKILL
639,mvvmcross,SKILL
640,object oriented programming,SKILL
641,css pre-processors   extensions,SKILL
642,control flow,SKILL
643,druid,SKILL
644,hough transform,SKILL
645,virtualization platform,SKILL
646,speaker recognition,SKILL
647,microdata html,SKILL
648,duplicate content,SKILL
649,gitkraken,SKILL
650,node.js,SKILL
651,chartbeat,SKILL
652,discrete cosine transform,SKILL
653,swift,SKILL
654,canonical correlation,SKILL
655,secret sharing,SKILL
656,line-of-sight,SKILL
657,time to market,SKILL
658,apache maven,SKILL
659,telecommunications network,SKILL
660,assets and media,SKILL
661,ibm db2,SKILL
662,unity,SKILL
663,geoparsing,SKILL
664,web crawler,SKILL
665,arduino,SKILL
666,browserstack,SKILL
667,synthetic aperture radar,SKILL
668,cdnjs,SKILL
669,hybrid system,SKILL
670,netty,SKILL
671,online public access catalog,SKILL
672,fastly,SKILL
673,moving average,SKILL
674,peak signal-to-noise ratio,SKILL
675,asana,SKILL
676,sma*,SKILL
677,chemometrics,SKILL
678,group chat & notifications,SKILL
679,highcharts,SKILL
680,motion estimation,SKILL
681,voice and sms,SKILL
682,database transaction,SKILL
683,clicky,SKILL
684,nosql database as a service,SKILL
685,optical disc,SKILL
686,engagement/lifecycle marketing,SKILL
687,grape,SKILL
688,computational mathematics,SKILL
689,real time communication,SKILL
690,text box,SKILL
691,multi user,SKILL
692,codec,SKILL
693,geometric modeling,SKILL
694,concourse,SKILL
695,agile project management,SKILL
696,grunt,SKILL
697,hash function,SKILL
698,nuclear engineering,SKILL
699,realtime backend / api,SKILL
700,text retrieval conference,SKILL
701,waste management,SKILL
702,support vector machine,SKILL
703,mongodb stitch,SKILL
704,pose,SKILL
705,gitlab pages,SKILL
706,image registration,SKILL
707,composite number,SKILL
708,codebook,SKILL
709,encryption,SKILL
710,self-management,SKILL
711,network simulation,SKILL
712,image quality,SKILL
713,google cloud pub sub,SKILL
714,active networking,SKILL
715,cellular network,SKILL
716,vector space model,SKILL
717,spatial analysis,SKILL
718,mean shift,SKILL
719,monitoring tools,SKILL
720,wix,SKILL
721,js build tools   js task runners,SKILL
722,standard ml,SKILL
723,read only memory,SKILL
724,3d reconstruction,SKILL
725,enterprise information security architecture,SKILL
726,angularjs,SKILL
727,object-oriented programming,SKILL
728,reinforcement learning,SKILL
729,openresty,SKILL
730,overlay network,SKILL
731,communications protocol,SKILL
732,point spread function,SKILL
733,network performance,SKILL
734,object document mapper odm,SKILL
735,matlab,SKILL
736,bash,SKILL
737,google maps,SKILL
738,amazon api gateway,SKILL
739,level set,SKILL
740,forums,SKILL
741,automaton,SKILL
742,laravel homestead,SKILL
743,document processing,SKILL
744,ngrok,SKILL
745,fedora,SKILL
746,network security,SKILL
747,distance transform,SKILL
748,regular language,SKILL
749,canonical model,SKILL
750,secure communication,SKILL
751,computer data storage,SKILL
752,layout engine,SKILL
753,image processing and management,SKILL
754,wercker,SKILL
755,macos,SKILL
756,aspect-oriented programming,SKILL
757,abstract machine,SKILL
758,visual studio,SKILL
759,jenkins,SKILL
760,programming & code analytics,SKILL
761,application utilities,SKILL
762,metis,SKILL
763,reliability computer networking,SKILL
764,dropwizard,SKILL
765,stemming,SKILL
766,emotion recognition,SKILL
767,es6,SKILL
768,mobx,SKILL
769,econometric model,SKILL
770,ratchet,SKILL
771,spread spectrum,SKILL
772,growbag,SKILL
773,composite index,SKILL
774,formal language,SKILL
775,kibana,SKILL
776,stereopsis,SKILL
777,erasure code,SKILL
778,nitrous.io,SKILL
779,computer program,SKILL
780,information seeking,SKILL
781,flip flop,SKILL
782,complex system,SKILL
783,multispectral image,SKILL
784,embedded system,SKILL
785,trello,SKILL
786,heroku postgres,SKILL
787,requirejs,SKILL
788,wireframing,SKILL
789,self management,SKILL
790,natural language,SKILL
791,visual cortex,SKILL
792,composer,SKILL
793,haskell,SKILL
794,computer architecture,SKILL
795,dynamic time warping,SKILL
796,anomaly detection,SKILL
797,parse-server,SKILL
798,readme io,SKILL
799,tree automaton,SKILL
800,slack,SKILL
801,gogs,SKILL
802,emotion,SKILL
803,aurelia,SKILL
804,sails.js,SKILL
805,multidimensional analysis,SKILL
806,patent classification,SKILL
807,tf–idf,SKILL
808,pulse signal processing,SKILL
809,file system,SKILL
810,neural coding,SKILL
811,game engine,SKILL
812,front end package manager,SKILL
813,mobile database,SKILL
814,snyk,SKILL
815,latent semantic indexing,SKILL
816,cypress,SKILL
817,codeigniter,SKILL
818,amazon vpc,SKILL
819,drone io,SKILL
820,front end frameworks,SKILL
821,amazon ec2,SKILL
822,random access,SKILL
823,computer graphics images,SKILL
824,performance prediction,SKILL
825,hybrid algorithm,SKILL
826,k d tree,SKILL
827,read write memory,SKILL
828,aws fargate,SKILL
829,symfony,SKILL
830,type inference,SKILL
831,ir evaluation,SKILL
832,nlp,SKILL
833,load balancing computing,SKILL
834,oxygene,SKILL
835,lumen,SKILL
836,coffeescript,SKILL
837,mysql,SKILL
838,azure storage,SKILL
839,coordinate system,SKILL
840,process management,SKILL
841,opengl,SKILL
842,ubuntu,SKILL
843,fabric by twitter,SKILL
844,signal processing,SKILL
845,docker swarm,SKILL
846,chemical engineering,SKILL
847,digital signature,SKILL
848,communications system,SKILL
849,virtual machine,SKILL
850,wavelength division multiplexing,SKILL
851,mvc tools,SKILL
852,distributed database,SKILL
853,centos,SKILL
854,breadth-first search,SKILL
855,asp.net,SKILL
856,arch linux,SKILL
857,conditional random field,SKILL
858,amazon route 53,SKILL
859,library,SKILL
860,throughput,SKILL
861,jruby,SKILL
862,machine learning,SKILL
863,quantum computer,SKILL
864,visual studio team services,SKILL
865,secrets management,SKILL
866,ml kit,SKILL
867,data visualization,SKILL
868,first order logic,SKILL
869,crazy egg,SKILL
870,sphinx,SKILL
871,data structure,SKILL
872,motion compensation,SKILL
873,python,SKILL
874,octodns,SKILL
875,emulator,SKILL
876,express js,SKILL
877,field of view,SKILL
878,error concealment,SKILL
879,high-level synthesis,SKILL
880,classifier linguistics,SKILL
881,rubocop,SKILL
882,systems management,SKILL
883,autonomic computing,SKILL
884,qunit,SKILL
885,metamodeling,SKILL
886,trecvid,SKILL
887,peer to peer,SKILL
888,formal concept analysis,SKILL
889,technological change,SKILL
890,symmetric multiprocessor system,SKILL
891,digital subscriber line,SKILL
892,maxcdn,SKILL
893,operations management,SKILL
894,high-level programming language,SKILL
895,apache ant,SKILL
896,real-time data processing,SKILL
897,amazon machine learning,SKILL
898,artificial intelligence,SKILL
899,coveralls,SKILL
900,electronic document,SKILL
901,semantic ui react,SKILL
902,task management,SKILL
903,clubhouse,SKILL
904,ifttt,SKILL
905,information retrieval applications,SKILL
906,jest,SKILL
907,type theory,SKILL
908,eureka,SKILL
909,response surface methodology,SKILL
910,boosting machine learning,SKILL
911,network planning and design,SKILL
912,webpack,SKILL
913,amazon sqs,SKILL
914,secure multi-party computation,SKILL
915,capistrano,SKILL
916,crowdsourcing,SKILL
917,linear discriminant analysis,SKILL
918,performance monitoring,SKILL
919,scikit learn,SKILL
920,euclidean distance,SKILL
921,templating languages & extensions,SKILL
922,search/retrieve via url,SKILL
923,marketing automation,SKILL
924,detection theory,SKILL
925,domain model,SKILL
926,phpstorm,SKILL
927,underscore,SKILL
928,hotjar,SKILL
929,mobile radio,SKILL
930,software engineering,SKILL
931,guzzle,SKILL
932,styled components,SKILL
933,brain mapping,SKILL
934,cross-platform mobile development,SKILL
935,asynchronous transfer mode,SKILL
936,interpolation,SKILL
937,microsoft sql server,SKILL
938,network interface,SKILL
939,prognostics,SKILL
940,loggly,SKILL
941,beta testing   mobile app distribution,SKILL
942,biomedical engineering,SKILL
943,coding social sciences,SKILL
944,compass,SKILL
945,network delay,SKILL
946,data integrity,SKILL
947,metadata,SKILL
948,package manager,SKILL
949,bot,SKILL
950,mongodb,SKILL
951,self-organization,SKILL
952,computer hardware,SKILL
953,managed memcache,SKILL
954,financial system,SKILL
955,ansible,SKILL
956,wireless network,SKILL
957,google cloud datastore,SKILL
958,apache mesos,SKILL
959,hogan.js,SKILL
960,circleci,SKILL
961,platform as a service tools,SKILL
962,json server,SKILL
963,computational geometry,SKILL
964,message passing,SKILL
965,compressed sensing,SKILL
966,markov chain,SKILL
967,mobile agent,SKILL
968,php,SKILL
969,dash,SKILL
970,abstract data type,SKILL
971,semi supervised learning,SKILL
972,reference frame,SKILL
973,distributed data store,SKILL
974,histogram,SKILL
975,node.js process manager,SKILL
976,redmine,SKILL
977,search algorithm,SKILL
978,swagger ui,SKILL
979,codenvy,SKILL
980,linear prediction,SKILL
981,istio,SKILL
982,access network,SKILL
983,node networking,SKILL
984,semaphore,SKILL
985,facial expression,SKILL
986,text segmentation,SKILL
987,integrated development environment tools,SKILL
988,advertising,SKILL
989,world wide web,SKILL
990,pixel art,SKILL
991,peak signal to noise ratio,SKILL
992,nginx,SKILL
993,metabase,SKILL
994,chatops,SKILL
995,cross-platform desktop development,SKILL
996,landing pages,SKILL
997,propositional calculus,SKILL
998,scikit-learn,SKILL
999,redundancy engineering,SKILL
1000,spring cloud,SKILL
1001,integrated development environment,SKILL
1002,c,SKILL
1003,high level synthesis,SKILL
1004,momentjs,SKILL
1005,forensic engineering,SKILL
1006,data warehouse,SKILL
1007,message queue,SKILL
1008,presentation semantics,SKILL
1009,impala,SKILL
1010,apache tomcat,SKILL
1011,transparency graphic,SKILL
1012,messenger platform,SKILL
1013,rule based system,SKILL
1014,bayesian probability,SKILL
1015,prestashop,SKILL
1016,akka,SKILL
1017,router,SKILL
1018,multicast,SKILL
1019,fastlane,SKILL
1020,thresholding,SKILL
1021,exploratory data analysis,SKILL
1022,unsupervised learning,SKILL
1023,compose,SKILL
1024,memcachier,SKILL
1025,awx,SKILL
1026,rule induction,SKILL
1027,case based reasoning,SKILL
1028,gaussian noise,SKILL
1029,mercurial,SKILL
1030,slim lang,SKILL
1031,raspberry pi,SKILL
1032,sliding window protocol,SKILL
1033,discrete logarithm,SKILL
1034,ground truth,SKILL
1035,spring-boot,SKILL
1036,human–computer interaction,SKILL
1037,biological database,SKILL
1038,business dashboards,SKILL
1039,optical imaging,SKILL
1040,d3.js,SKILL
1041,integer programming,SKILL
1042,buildkite,SKILL
1043,heroku,SKILL
1044,business administration,SKILL
1045,open data,SKILL
1046,clicktale,SKILL
1047,redux,SKILL
1048,sentiment analysis,SKILL
1049,create react app,SKILL
1050,data consistency,SKILL
1051,google analytics,SKILL
1052,pouchdb,SKILL
1053,goodness of fit,SKILL
1054,airtable,SKILL
1055,computational science,SKILL
1056,motion analysis,SKILL
1057,optimizely,SKILL
1058,code quality,SKILL
1059,peer-to-peer,SKILL
1060,parsing,SKILL
1061,flux,SKILL
1062,tools for text editors,SKILL
1063,omniauth,SKILL
1064,rotation,SKILL
1065,key exchange,SKILL
1066,linode,SKILL
1067,figma,SKILL
1068,multidimensional scaling,SKILL
1069,documentation,SKILL
1070,ambiguity,SKILL
1071,semantic computing,SKILL
1072,sqlite,SKILL
1073,sentry,SKILL
1074,julia,SKILL
1075,integrated circuit design,SKILL
1076,benchmark computing,SKILL
1077,software-defined radio,SKILL
1078,errors-in-variables models,SKILL
1079,first-order logic,SKILL
1080,data exchange,SKILL
1081,prisma,SKILL
1082,custom analytics,SKILL
1083,noise reduction,SKILL
1084,gunicorn,SKILL
1085,data system,SKILL
1086,nats,SKILL
1087,durability,SKILL
1088,nightwatchjs,SKILL
1089,software defined radio,SKILL
1090,nativescript,SKILL
1091,website builder,SKILL
1092,computability,SKILL
1093,transactional email,SKILL
1094,html,SKILL
1095,zendesk,SKILL
1096,k-d tree,SKILL
1097,text editor,SKILL
1098,mongoid,SKILL
1099,flow type,SKILL
1100,uncertain data,SKILL
1101,uglifyjs,SKILL
1102,source document,SKILL
1103,gerrit code review,SKILL
1104,mobile error monitoring,SKILL
1105,computation,SKILL
1106,dynamic data,SKILL
1107,tower,SKILL
1108,real time data,SKILL
1109,analysis of variance,SKILL
1110,liquid-crystal display,SKILL
1111,query expansion,SKILL
1112,c3.js,SKILL
1113,real time operating system,SKILL
1114,pusher,SKILL
1115,hhvm hiphop virtual machine,SKILL
1116,bootstrap,SKILL
1117,aws cloudformation,SKILL
1118,ubiquitous computing,SKILL
1119,rspec,SKILL
1120,bitbucket,SKILL
1121,amazon sns,SKILL
1122,business tools,SKILL
1123,maximum a posteriori estimation,SKILL
1124,log management,SKILL
1125,mining engineering,SKILL
1126,scaffold,SKILL
1127,vue js,SKILL
1128,built in self test,SKILL
1129,numpy,SKILL
1130,conductor,SKILL
1131,deployment as a service,SKILL
1132,vmware vsphere,SKILL
1133,data analysis,SKILL
1134,flutter,SKILL
1135,codemirror,SKILL
1136,virtual machine platforms & containers,SKILL
1137,postgresql,SKILL
1138,image sensor,SKILL
1139,viterbi algorithm,SKILL
1140,minecraft,SKILL
1141,query language,SKILL
1142,sinatra,SKILL
1143,optical character recognition,SKILL
1144,record linkage,SKILL
1145,skeleton computer programming,SKILL
1146,sorting,SKILL
1147,realtime analytics,SKILL
1148,nlu,SKILL
1149,svn subversion,SKILL
1150,speech recognition,SKILL
1151,runscope,SKILL
1152,eclipse,SKILL
1153,propagation delay,SKILL
1154,chrome extension,SKILL
1155,sendbird,SKILL
1156,phonegap,SKILL
1157,wordpress,SKILL
1158,handlebars js,SKILL
1159,riak,SKILL
1160,linux mint,SKILL
1161,simulation,SKILL
1162,missing data,SKILL
1163,automated theorem proving,SKILL
1164,very large database,SKILL
1165,temporal database,SKILL
1166,replication computing,SKILL
1167,lexico,SKILL
1168,materialize,SKILL
1169,shields io,SKILL
1170,ovh,SKILL
1171,amazon rds,SKILL
1172,document signature,SKILL
1173,box,SKILL
1174,mailchimp,SKILL
1175,enzyme,SKILL
1176,data acquisition,SKILL
1177,influxdb,SKILL
1178,cross-platform mobile tools,SKILL
1179,memcached,SKILL
1180,mongodb hosting,SKILL
1181,analog to digital converter,SKILL
1182,lxc,SKILL
1183,npm,SKILL
1184,google cloud memorystore,SKILL
1185,entity–relationship model,SKILL
1186,sqlalchemy,SKILL
1187,knex js,SKILL
1188,website monitoring,SKILL
1189,mean-shift,SKILL
1190,puppeteer,SKILL
1191,languages & frameworks,SKILL
1192,seesaw,SKILL
1193,travis ci,SKILL
1194,user profile,SKILL
1195,active database,SKILL
1196,solid modeling,SKILL
1197,source separation,SKILL
1198,computer multitasking,SKILL
1199,data stream,SKILL
1200,read-write memory,SKILL
1201,library science,SKILL
1202,create react native app,SKILL
1203,google scholar and academic libraries,SKILL
1204,heroku redis,SKILL
1205,multi core processor,SKILL
1206,netbeans ide,SKILL
1207,data mining,SKILL
1208,react router,SKILL
1209,process engineering,SKILL
1210,engagement lifecycle marketing,SKILL
1211,jupyter notebook,SKILL
1212,round-trip delay time,SKILL
1213,storybook,SKILL
1214,inference,SKILL
1215,topic maps,SKILL
1216,machine vision,SKILL
1217,amazon emr,SKILL
1218,watershed,SKILL
1219,shift register,SKILL
1220,server configuration and automation,SKILL
1221,code generation,SKILL
1222,cryptography,SKILL
1223,amazon web services,SKILL
1224,object model,SKILL
1225,koding,SKILL
1226,mocha,SKILL
1227,random indexing,SKILL
1228,visualization,SKILL
1229,semantic similarity,SKILL
1230,network layer,SKILL
1231,integrated services digital network,SKILL
1232,datalog,SKILL
1233,http,SKILL
1234,query optimization,SKILL
1235,grafana,SKILL
1236,survey widget,SKILL
1237,dropbox,SKILL
1238,economic policy,SKILL
1239,semantic html,SKILL
1240,pandas,SKILL
1241,drone.io,SKILL
1242,relational database,SKILL
1243,database design,SKILL
1244,smart card,SKILL
1245,front-end frameworks,SKILL
1246,webstorm,SKILL
1247,hapi,SKILL
1248,ant design,SKILL
1249,knowledge retrieval,SKILL
1250, net,SKILL
1251,stars,SKILL
1252,google cloud dns,SKILL
1253,internet privacy,SKILL
1254,distributed memory,SKILL
1255,distributed computing environment,SKILL
1256,next generation network,SKILL
1257,homebrew,SKILL
1258,automatic programming,SKILL
1259,stream processing,SKILL
1260,twilio,SKILL
1261,devise,SKILL
1262,collaboration,SKILL
1263,latex,SKILL
1264,model-based reasoning,SKILL
1265,funnel analysis analytics,SKILL
1266,github api,SKILL
1267,google cloud sql,SKILL
1268,git tools,SKILL
1269,spring boot,SKILL
1270,fuzzy logic,SKILL
1271,finance,SKILL
1272,data sharing,SKILL
1273,program optimization,SKILL
1274,document collaboration,SKILL
1275,semantic web stack,SKILL
1276,platform as a service,SKILL
1277,mobile computing,SKILL
1278,shared resource,SKILL
1279,cost database,SKILL
1280,link analysis,SKILL
1281,pingdom,SKILL
1282,adder,SKILL
1283,scalable vector graphics,SKILL
1284,translation service,SKILL
1285,recommender system,SKILL
1286,in-memory databases,SKILL
1287,marionette,SKILL
1288,branch and bound,SKILL
1289,mapping apis,SKILL
1290,charting libraries,SKILL
1291,association rule learning,SKILL
1292,title search,SKILL
1293,eye tracking,SKILL
1294,functional programming,SKILL
1295,signalr,SKILL
1296,semantic ui,SKILL
1297,optical flow,SKILL
1298,program synthesis,SKILL
1299,concurrent computing,SKILL
1300,localization,SKILL
1301,workflow,SKILL
1302,collision,SKILL
1303,gitlab ci,SKILL
1304,google compute engine,SKILL
1305,bulma,SKILL
1306,synthetic data,SKILL
1307,docker cloud,SKILL
1308,graph databases,SKILL
1309,concurrency frameworks,SKILL
1310,operator computer programming,SKILL
1311,puma,SKILL
1312,word error rate,SKILL
1313,screen sharing,SKILL
1314,turing machine,SKILL
1315,hipchat,SKILL
1316,google cloud dataflow,SKILL
1317,mesosphere,SKILL
1318,password management,SKILL
1319,softlayer,SKILL
1320,node js process manager,SKILL
1321,microprocessor,SKILL
1322,material-ui,SKILL
1323,random forest,SKILL
1324,logic programming,SKILL
1325,google cloud messaging,SKILL
1326,ember.js,SKILL
1327,microcontroller,SKILL
1328,data management,SKILL
1329,decision support system,SKILL
1330,intuitionistic logic,SKILL
1331,top-down and bottom-up design,SKILL
1332,amazon rds for postgresql,SKILL
1333,lxd,SKILL
1334,distributed computing,SKILL
1335,feature detection,SKILL
1336,amp,SKILL
1337,authy,SKILL
1338,prosthesis,SKILL
1339,independent component analysis,SKILL
1340,adobe photoshop,SKILL
1341,tree data structure,SKILL
1342,emacs,SKILL
1343,libraries,SKILL
1344,utilities,SKILL
1345,redis hosting,SKILL
1346,aerial photography,SKILL
1347,linear programming,SKILL
1348,noise measurement,SKILL
1349,content delivery network,SKILL
1350,feature extraction,SKILL
1351,faceted search,SKILL
1352,photogrammetry,SKILL
1353,multi-objective optimization,SKILL
1354,data center,SKILL
1355,traffic engineering,SKILL
1356,gulp,SKILL
1357,construction engineering,SKILL
1358,vue.js,SKILL
1359,rocket,SKILL
1360,realm,SKILL
1361,sketch,SKILL
1362,gearman,SKILL
1363,typescript,SKILL
1364,concept learning,SKILL
1365,groovy,SKILL
1366,medium,SKILL
1367,flask,SKILL
1368,video processing,SKILL
1369,d3 js,SKILL
1370,graphical model,SKILL
1371,sequelize,SKILL
1372,indentation,SKILL
1373,data as a service,SKILL
1374,linear logic,SKILL
1375,semi-supervised learning,SKILL
1376,syntax,SKILL
1377,go.cd,SKILL
1378,akamai,SKILL
1379,cloud foundry,SKILL
1380,codecov,SKILL
1381,nitrous io,SKILL
1382,ranking,SKILL
1383,cryptographic protocol,SKILL
1384,system on a chip,SKILL
1385,application specific integrated circuit,SKILL
1386,document classification,SKILL
1387,deterministic automaton,SKILL
1388,finagle,SKILL
1389,php mvc,SKILL
1390,command line interface,SKILL
1391,clinicalkey,SKILL
1392,locust,SKILL
1393,region of interest,SKILL
1394,instrumental variable,SKILL
1395,natural language understanding,SKILL
1396,next js,SKILL
1397,higher-order statistics,SKILL
1398,azure,SKILL
1399,language parsing,SKILL
1400,path analysis statistics,SKILL
1401,image fusion,SKILL
1402,filter signal processing,SKILL
1403,wireless sensor network,SKILL
1404,computer science,SKILL
1405,denial-of-service attack,SKILL
1406,domain registration,SKILL
1407,piwik,SKILL
1408,zenefits,SKILL
1409,cross-correlation,SKILL
1410,ibm   api connect,SKILL
1411,javascript testing framework,SKILL
1412,sensor fusion,SKILL
1413,couchbase,SKILL
1414,azure cosmos db,SKILL
1415,prolog,SKILL
1416,mustache,SKILL
1417,programming language,SKILL
1418,mobile ui frameworks,SKILL
1419,optical transfer function,SKILL
1420,discrete system,SKILL
1421,phalcon,SKILL
1422,apache zeppelin,SKILL
1423,sequential pattern mining,SKILL
1424,finite-state machine,SKILL
1425,language model,SKILL
1426,dijkstra's algorithm,SKILL
1427,subject access,SKILL
1428,rubymine,SKILL
1429,time series,SKILL
1430,help desk,SKILL
1431,virtual memory,SKILL
1432,data logger,SKILL
1433,neovim,SKILL
1434,chatbot platforms & tools,SKILL
1435,feathersjs,SKILL
1436,application server,SKILL
1437,automatic taxonomy induction,SKILL
1438,geographic information retrieval,SKILL
1439,web forms,SKILL
1440,css,SKILL
1441,intelligent agent,SKILL
1442,confluence,SKILL
1443,stripe,SKILL
1444,marketing,SKILL
1445,knex.js,SKILL
1446,g suite,SKILL
1447,loader.io,SKILL
1448,semantic web,SKILL
1449,languages,SKILL
1450,debugging,SKILL
1451,code coverage,SKILL
1452,codeanywhere,SKILL
1453,interconnection,SKILL
1454,textmate,SKILL
1455,xml,SKILL
1456,auth0,SKILL
1457,intrusion detection system,SKILL
1458,hadoop,SKILL
1459,payments,SKILL
1460,multisearch,SKILL
1461,medical imaging,SKILL
1462,web components,SKILL
1463,real-time computing,SKILL
1464,scaleway,SKILL
1465,low pass filter,SKILL
1466,data flow diagram,SKILL
1467,image retrieval,SKILL
1468,cloud ide,SKILL
1469,real-time data,SKILL
1470,api.ai,SKILL
1471,statistical classification,SKILL
1472,content management,SKILL
1473,marathon,SKILL
1474,devdocs,SKILL
1475,google cloud vision api,SKILL
1476,voice over ip,SKILL
1477,aerospike,SKILL
1478,brute-force search,SKILL
1479,amazon dynamodb,SKILL
1480,flurry,SKILL
1481,postgresql as a service,SKILL
1482,passive optical network,SKILL
1483,pile,SKILL
1484,heap,SKILL
1485,queue,SKILL
1486,google tag manager,SKILL
1487,business process,SKILL
1488,color vision,SKILL
1489,amazon kinesis,SKILL
1490,prometheus,SKILL
1491,power control,SKILL
1492,shortest path problem,SKILL
1493,edit distance,SKILL
1494,pulp and paper industry,SKILL
1495,telecommunications,SKILL
1496,time of arrival,SKILL
1497,stitch,SKILL
1498,routing protocol,SKILL
1499,handlebars.js,SKILL
1500,false positive rate,SKILL
1501,multi-core processor,SKILL
1502,predictive value of tests,SKILL
1503,actuarial science,SKILL
1504,objective c,SKILL
1505,body text,SKILL
1506,yeoman,SKILL
1507,image meta search,SKILL
1508,serverless   task processing,SKILL
1509,schedule,SKILL
1510,beta testing / mobile app distribution,SKILL
1511,directed graph,SKILL
1512,phoenix framework,SKILL
1513,react js boilerplate,SKILL
1514,parse,SKILL
1515,coreos,SKILL
1516,aspect oriented programming,SKILL
1517,amazon cognito,SKILL
1518,drupal,SKILL
1519,scientometrics,SKILL
1520,lambdatest,SKILL
1521,scala,SKILL
1522,aws lambda,SKILL
1523,crashlytics,SKILL
1524,push monkey,SKILL
1525,commenting service,SKILL
1526,information discovery,SKILL
1527,azure functions,SKILL
1528,apache http server,SKILL
1529,read-only memory,SKILL
1530,algolia,SKILL
1531,greedy algorithm,SKILL
1532,redux-thunk,SKILL
1533,signal strength,SKILL
1534,formal specification,SKILL
1535,remote control,SKILL
1536,telephony,SKILL
1537,alpine linux,SKILL
1538,localhost tools,SKILL
1539,parse server,SKILL
1540,tools for github,SKILL
1541,wimax,SKILL
1542,stackdriver,SKILL
1543,functional dependency,SKILL
1544,medical literature retrieval,SKILL
1545,imgix,SKILL
1546,rails api,SKILL
1547,mobile prototyping & interaction design tools,SKILL
1548,atom,SKILL
1549,laravel forge,SKILL
1550,bower,SKILL
1551,data model,SKILL
1552,active shape model,SKILL
1553,bootswatch,SKILL
1554,debian,SKILL
1555,tabu search,SKILL
1556,google kubernetes engine,SKILL
1557,operating system,SKILL
1558,real-time communication,SKILL
1559,trend analysis,SKILL
1560,marine engineering,SKILL
1561,state management library,SKILL
1562,leaflet,SKILL
1563,wavefront,SKILL
1564,markup language,SKILL
1565,buffer overflow,SKILL
1566,internetworking,SKILL
1567,amazon athena,SKILL
1568,sequel pro,SKILL
1569,scheduling computing,SKILL
1570,bayesian network,SKILL
1571,knowledge modeling,SKILL
1572,word sense disambiguation,SKILL
1573,image analysis api,SKILL
1574,logic in computer science,SKILL
1575,polymorphism computer science,SKILL
1576,pixel,SKILL
1577,art & architecture thesaurus,SKILL
1578,inter-process communication,SKILL
1579,plotly,SKILL
1580,complex data type,SKILL
1581,document retrieval,SKILL
1582,social media tools,SKILL
1583,brackets,SKILL
1584,pattern matching,SKILL
1585,semantics,SKILL
1586,proximity search,SKILL
1587,object detection,SKILL
1588,openshift,SKILL
1589,phaser,SKILL
1590,pattern recognition psychology,SKILL
1591,dependency management,SKILL
1592,open source cloud,SKILL
1593,uptime robot,SKILL
1594,multivariate analysis,SKILL
1595,computer cluster,SKILL
1596,serverless / task processing,SKILL
1597,virtual machine management,SKILL
1598,algorithm,SKILL
1599,software agent,SKILL
1600,bazel,SKILL
1601,broadcasting,SKILL
1602,ember js,SKILL
1603,clojurescript,SKILL
1604,django,SKILL
1605,faceted classification,SKILL
1606,multivariate statistics,SKILL
1607,mobile push messaging,SKILL
1608,pushwoosh,SKILL
1609,cobol,SKILL
1610,hibernate,SKILL
1611,visual inspection,SKILL
1612,codekit,SKILL
1613,augmented reality,SKILL
1614,front and back ends,SKILL
1615,amazon elasticsearch service,SKILL
1616,intelligent document,SKILL
1617,firebase,SKILL
1618,computer vision,SKILL
1619,self organization,SKILL
1620,kafka,SKILL
1621,real time computing,SKILL
1622,electronic data interchange,SKILL
1623,kubernetes,SKILL
1624,microsoft iis,SKILL
1625,framework,SKILL
1626,spacemacs,SKILL
1627,geotechnical engineering,SKILL
1628,onesignal,SKILL
1629,terraform,SKILL
1630,awesome lists,SKILL
1631,scripting language,SKILL
1632,data compression,SKILL
1633,actuator,SKILL
1634,redux-saga,SKILL
1635,field-programmable gate array,SKILL
1636,buffer,SKILL
1637,sonarqube,SKILL
1638,mobility management,SKILL
1639,readme.io,SKILL
1640,computer security,SKILL
1641,engineering,SKILL
1642,seasonality,SKILL
1643,server,SKILL
1644,phpunit,SKILL
1645,data stream mining,SKILL
1646,precision and recall,SKILL
1647,classical logic,SKILL
1648,quantifier elimination,SKILL
1649,segmentation,SKILL
1650,engineering drawing,SKILL
1651,incremental learning,SKILL
1652,api tools,SKILL
1653,frequency analysis,SKILL
1654,jekyll,SKILL
1655,datadog,SKILL
1656,arbol,SKILL
1657,common object request broker architecture,SKILL
1658,dimensionality reduction,SKILL
1659,logic synthesis,SKILL
1660,supervised learning,SKILL
1661,deco,SKILL
1662,random projection,SKILL
1663,figure of merit,SKILL
1664,background subtraction,SKILL
1665,static site generators,SKILL
1666,big data as a service,SKILL
1667,gsm,SKILL
1668,regression analysis,SKILL
1669,woocommerce,SKILL
1670,middleware,SKILL
1671,api ai,SKILL
1672,copy protection,SKILL
1673,mobile testing frameworks,SKILL
1674,redux thunk,SKILL
1675,asynchronous communication,SKILL
1676,template matching,SKILL
1677,"build, test, deploy",SKILL
1678,deployment,SKILL
1679,analog-to-digital converter,SKILL
1680,google cloud functions,SKILL
1681,high availability,SKILL
1682,non volatile memory,SKILL
1683,topic model,SKILL
1684,invision,SKILL
1685,dns management,SKILL
1686,postman,SKILL
1687,gauges,SKILL
1688,tailwind css,SKILL
1689,braintree,SKILL
1690,time–frequency analysis,SKILL
1691,java build tools,SKILL
1692,raml,SKILL
1693,statistical model,SKILL
1694,hilbert–huang transform,SKILL
1695,environmental engineering,SKILL
1696,solr,SKILL
1697,mongolab,SKILL
1698,control engineering,SKILL
1699,load balancer   reverse proxy,SKILL
1700,formal methods,SKILL
1701,bitcoin,SKILL
1702,selenium,SKILL
1703,state diagram,SKILL
1704,tensorflow,SKILL
1705,flow control data,SKILL
1706,supervisory control,SKILL
1707,databases,SKILL
1708,database security,SKILL
1709,tracking system,SKILL
1710,least squares,SKILL
1711,simulated annealing,SKILL
1712,fragmentation computing,SKILL
1713,javascript ui libraries,SKILL
1714,rough set,SKILL
1715,adobe illustrator,SKILL
1716,kotlin,SKILL
1717,ensemble learning,SKILL
1718,data type,SKILL
1719,search engine indexing,SKILL
1720,speckle pattern,SKILL
1721,analytics integrator,SKILL
1722,sequential logic,SKILL
1723,security,SKILL
1724,heatmap analytics,SKILL
1725,modular design,SKILL
1726,email testing,SKILL
1727,network architecture,SKILL
1728,strongly connected component,SKILL
1729,navigation system,SKILL
1730,operations research,SKILL
1731,local area network,SKILL
1732,computer programming,SKILL
1733,material design for angular,SKILL
1734,system integration,SKILL
1735,code review,SKILL
1736,codeship,SKILL
1737,opencv,SKILL
1738,google app engine,SKILL
1739,sensor array,SKILL
1740,mandrill,SKILL
1741,independent set,SKILL
1742,java,SKILL
1743,testflight,SKILL
1744,audio signal,SKILL
1745,factorial experiment,SKILL
1746,apollo,SKILL
1747,javascript mvc frameworks,SKILL
1748,pycharm,SKILL
1749,gtp',SKILL
1750,internet of things,SKILL
1751,mobile analytics,SKILL
1752,handover,SKILL
1753,sql database as a service,SKILL
1754,monero,SKILL
1755,shell,SKILL
1756,wagtail,SKILL
1757,vim,SKILL
1758,cranfield experiments,SKILL
1759,bibliographic database,SKILL
1760,react storybook,SKILL
1761,kitematic,SKILL
1762,search box,SKILL
1763,continuous integration,SKILL
1764,uikit,SKILL
1765,bag-of-words model,SKILL
1766,level of detail,SKILL
1767,sendgrid,SKILL
1768,gatling,SKILL
1769,static web hosting,SKILL
1770,ibm - api connect,SKILL
1771,tableau,SKILL
1772,jira,SKILL
1773,certificate authority,SKILL
1774,superset,SKILL
1775,monitoring,SKILL
1776,heap data structure,SKILL
1777,interaction,SKILL
1778,result set,SKILL
1779,question answering,SKILL
1780,pytorch,SKILL
1781,scalability,SKILL
1782,correctness,SKILL
1783,lastpass,SKILL
1784,controlled vocabulary,SKILL
1785,cepstrum,SKILL
1786,expressjs,SKILL
1787,"support, sales, and marketing",SKILL
1788,logic gate,SKILL
1789,predictive coding,SKILL
1790,google app maker,SKILL
1791,aws opsworks,SKILL
1792,.net,SKILL
1793,mobility model,SKILL
1794,program analysis,SKILL
1795,google cloud pub/sub,SKILL
1796,variables,SKILL
1797,adaboost,SKILL
1798,secure multi party computation,SKILL
1799,keycdn,SKILL
1800,graphic design,SKILL
1801,user management and authentication,SKILL
1802,continuum design consultancy,SKILL
1803,beta by crashlytics,SKILL
1804,quantum algorithm,SKILL
1805,traffic model,SKILL
1806,react.js boilerplate,SKILL
1807,hockeyapp,SKILL
1808,theoretical computer science,SKILL
1809,amazon elasticache,SKILL
1810,multimedia database,SKILL
1811,file storage,SKILL
1812,input device,SKILL
1813,circumscription,SKILL
1814,pwa,SKILL
1815,cloud content management system,SKILL
1816,customer support chat,SKILL
1817,emoji,SKILL
1818,spreadsheets as a backend,SKILL
1819,ipfs,SKILL
1820,homebridge,SKILL
1821,stamplay,SKILL
1822,microsoft bot framework,SKILL
1823,graphql,SKILL
1824,runtime system,SKILL
1825,hasura,SKILL
1826,mina,SKILL
1827,knowledge based systems,SKILL
1828,wireless,SKILL
1829,power management,SKILL
1830,css pre-processors / extensions,SKILL
1831,pug,SKILL
1832,c3 js,SKILL
1833,live reloading,SKILL
1834,javascript framework components,SKILL
1835,mode,SKILL
1836,wiener filter,SKILL
1837,recurly,SKILL
1838,testing,SKILL
1839,decision tree,SKILL
1840,confirmatory factor analysis,SKILL
1841,cloud functions for firebase,SKILL
1842,testing frameworks,SKILL
1843,communication in small groups,SKILL
1844,immutable.js,SKILL
1845,look-ahead,SKILL
1846,critical mass software engineering,SKILL
1847,knowledge-based systems,SKILL
1848,new relic,SKILL
1849,amazon cloudfront,SKILL
1850,hogan js,SKILL
1851,static random access memory,SKILL
1852,quantization signal processing,SKILL
1853,react native,SKILL
1854,modal logic,SKILL
1855,automated reasoning,SKILL
1856,range query data structures,SKILL
1857,shippable,SKILL
1858,machine learning as a service,SKILL
1859,junit,SKILL
1860,constant false alarm rate,SKILL
1861,mongoose,SKILL
1862,specification language,SKILL
1863,immutable js,SKILL
1864,application and data,SKILL
1865,loader io,SKILL
1866,publishing,SKILL
1867,status page hosting,SKILL
1868,wordplate,SKILL
1869,feature selection,SKILL
1870,docker,SKILL
1871,django rest framework,SKILL
1872,bamboo,SKILL
1873,apache spark,SKILL
1874,clef,SKILL
1875,support,SKILL
1876,vuetify,SKILL
1877,response time,SKILL
1878,shopify,SKILL
1879,ios,SKILL
1880,computational model,SKILL
1881,speech coding,SKILL
1882,spring,SKILL
1883,teamcity,SKILL
1884,functional testing,SKILL
1885,material design lite,SKILL
1886,line of sight,SKILL
1887,regular expression,SKILL
1888,mean,SKILL
1889,point location,SKILL
1890,remote procedure call rpc,SKILL
1891,data structures,SKILL
1892,r,SKILL
1893,infobox,SKILL
1894,bag of words model,SKILL
1895,industrial organization,SKILL
1896,round trip delay time,SKILL
1897,web servers,SKILL
1898,spectrogram,SKILL
1899,virtual organization,SKILL
1900,microservices tools,SKILL
1901,superresolution,SKILL
1902,netlify,SKILL
1903,relative record data set,SKILL
1904,p2p,SKILL
1905,user feedback as a service,SKILL
1906,language acquisition,SKILL
1907,beanstalkd,SKILL
1908,data science notebooks,SKILL
1909,description logic,SKILL
1910,socket.io,SKILL
1911,digital filter,SKILL
1912,computational complexity theory,SKILL
1913,lookup table,SKILL
1914,unified medical language system,SKILL
1915,github pages,SKILL
1916,fingerprint recognition,SKILL
1917,ava,SKILL
1918,computer engineering,SKILL
1919,key lock,SKILL
1920,naive bayes classifier,SKILL
1921,robustness computer science,SKILL
1922,principal component analysis,SKILL
1923,oracle,SKILL
1924,synchronization,SKILL
1925,celery,SKILL
1926,mixpanel,SKILL
1927,image resolution,SKILL
1928,gist,SKILL
1929,gitlab,SKILL
1930,logical framework,SKILL
1931,apache cordova,SKILL
1932,discriminative model,SKILL
1933,expert system,SKILL
1934,kullback–leibler divergence,SKILL
1935,openstack,SKILL
1936,c#,SKILL
1937,markdown,SKILL
1938,sidekiq,SKILL
1939,aws codebuild,SKILL
1940,web service automation,SKILL
1941,telecommunications service,SKILL
1942,jetty,SKILL
1943,engineering ethics,SKILL
1944,css pre processors / extensions,SKILL
1945,postcss,SKILL
1946,corner detection,SKILL
1947,residual,SKILL
1948,docker for aws,SKILL
1949,legal information retrieval,SKILL
1950,workflow manager,SKILL
1951,graphical user interface,SKILL
1952,information filtering system,SKILL
1953,conventional pci,SKILL
1954,ffmpeg,SKILL
1955,cross validation,SKILL
1956,logistic regression,SKILL
1957,virtual reality,SKILL
1958,knapsack problem,SKILL
1959,material design for bootstrap,SKILL
1960,elasticsearch,SKILL
1961,fault model,SKILL
1962,optimization problem,SKILL
1963,link relation,SKILL
1964,multi-user,SKILL
1965,hubspot,SKILL
1966,visual studio code,SKILL
1967,external data representation,SKILL
1968,software,SKILL
1969,jitter,SKILL
1970,fast fourier transform,SKILL
1971,information theory,SKILL
1972,pushdown automaton,SKILL
1973,zeplin,SKILL
1974,logstash,SKILL
1975,customer relationship management,SKILL
1976,travelling salesman problem,SKILL
1977,background processing,SKILL
1978,information retrieval query language,SKILL
1979,let's encrypt,SKILL
1980,receiver operating characteristic,SKILL
1981,sencha touch,SKILL
1982,network model,SKILL
1983,back office,SKILL
1984,text processing,SKILL
1985,git,SKILL
1986,access method,SKILL
1987,vagrant,SKILL
1988,latency engineering,SKILL
1989,electron,SKILL
1990,aeronautics,SKILL
1991,unified modeling language,SKILL
1992,link layer,SKILL
1993,program design language,SKILL
1994,rxjs,SKILL
1995,word-sense disambiguation,SKILL
1996,database,SKILL
1997,static random-access memory,SKILL
1998,browser testing,SKILL
1999,internet protocol suite,SKILL
2000,triangulation social science,SKILL
2001,data stores,SKILL
2002,kernel linear algebra,SKILL
2003,phantomjs,SKILL
2004,rackspace cloud servers,SKILL
2005,satisfiability,SKILL
2006,transport layer,SKILL
2007,dc/os,SKILL
2008,container tools,SKILL
2009,data pre-processing,SKILL
2010,disjunctive normal form,SKILL
2011,fluentd,SKILL
2012,video quality,SKILL
2013,lodash,SKILL
2014,distributed object,SKILL
2015,error detection and correction,SKILL
2016,errors in variables models,SKILL
2017,chef,SKILL
2018,clone java method,SKILL
2019,mailgun,SKILL
2020,middleman,SKILL
2021,mutual information,SKILL
2022,angularui,SKILL
2023,file uploads,SKILL
2024,grpc,SKILL
2025,deadlock,SKILL
2026,telegram bot api,SKILL
2027,amazon ebs,SKILL
2028,cryptocurrency,SKILL
2029,concurrency control,SKILL
2030,redux.js,SKILL
2031,network management,SKILL
2032,mobile,SKILL
2033,parallel algorithm,SKILL
2034,point to point,SKILL
2035,zend framework,SKILL
2036,structured text,SKILL
2037,document layout analysis,SKILL
2038,aws direct connect,SKILL
2039,conceptual model,SKILL
2040,rollbar,SKILL
2041,haptic technology,SKILL
2042,qt,SKILL
2043,payment services,SKILL
2044,ethernet,SKILL
2045,interactive mockups,SKILL
2046,matched filter,SKILL
2047,lucene,SKILL
2048,spatial frequency,SKILL
2049,stop words,SKILL
2050,quality of service,SKILL
2051,particle filter,SKILL
2052,vault,SKILL
2053,xamarin,SKILL
2054,notepad++,SKILL
2055,swiftype,SKILL
2056,multi-agent system,SKILL
2057,etcd,SKILL
2058,socket io,SKILL
2059,mixture model,SKILL
2060,big data tools,SKILL
2061,inkwell,SKILL
2062,traefik,SKILL
2063,decomposition method constraint satisfaction,SKILL
2064,garbage collection,SKILL
2065,image processing,SKILL
2066,text mining,SKILL
2067,outlier,SKILL
2068,rdf,SKILL
2069,web starter kit,SKILL
2070,incapsula,SKILL
2071,deep learning,SKILL
2072,index term,SKILL
2073,linear model,SKILL
2074,microsoft azure,SKILL
2075,react hot loader,SKILL
2076,icon font,SKILL
2077,communications,SKILL
2078,hetzner online ag,SKILL
2079,deploybot,SKILL
2080,docker machine,SKILL
2081,human–computer information retrieval,SKILL
2082,plagiarism detection,SKILL
2083,wavelet,SKILL
2084,telegram,SKILL
2085,phabricator,SKILL
2086,eye movement,SKILL
2087,octopus deploy,SKILL
2088,sails js,SKILL
2089,dynamic source routing,SKILL
2090,brunch,SKILL
2091,magento,SKILL
2092,digital signal processing,SKILL
2093,specification,SKILL
2094,application-specific integrated circuit,SKILL
2095,load and performance testing,SKILL
2096,data validation,SKILL
2097,zeromq,SKILL
2098,optical recording,SKILL
2099,biometrics,SKILL
2100,information retrieval,SKILL
2101,nsq,SKILL
2102,search retrieve via url,SKILL
2103,capybara,SKILL
2104,flash memory,SKILL
2105,linear temporal logic,SKILL
2106,headless browsers,SKILL
2107,p system,SKILL
2108,hierarchical database model,SKILL
2109,hazelcast,SKILL
